n_legislatura;n_govern;persona;cargo
Gobierno Preautonómico;Octavo gobierno Preautonómico  (UCD) de 15.09.1981 a 11.08.1982;Enrique Monsonís Domingo;Presidente
Gobierno Preautonómico;Octavo gobierno Preautonómico  (UCD) de 15.09.1981 a 11.08.1982;Felipe Guardiola Sellés;Vicepresidente y Conseller de Interior
Gobierno Preautonómico;Octavo gobierno Preautonómico  (UCD) de 15.09.1981 a 11.08.1982;Luis Verdú López Sanz;Conseller de Obras Públicas y Urbanismo
Gobierno Preautonómico;Octavo gobierno Preautonómico  (UCD) de 15.09.1981 a 11.08.1982;Ciprià Císcar i Casaban;Conseller de Cultura
Gobierno Preautonómico;Octavo gobierno Preautonómico  (UCD) de 15.09.1981 a 11.08.1982;Amparo Cabanes Pecourt;Consellera de Educación
Gobierno Preautonómico;Octavo gobierno Preautonómico  (UCD) de 15.09.1981 a 11.08.1982;Segundo Bru Parra;Conseller de Economía, Comercio e Industria
Gobierno Preautonómico;Octavo gobierno Preautonómico  (UCD) de 15.09.1981 a 11.08.1982;José Antonio Bordils Ferrer;Conseller de Agricultura y Pesca. Cesa el 15/07/1982
Gobierno Preautonómico;Octavo gobierno Preautonómico  (UCD) de 15.09.1981 a 11.08.1982;Salvador López Sanz;Conseller de Sanidad y Seguridad Social
Gobierno Preautonómico;Octavo gobierno Preautonómico  (UCD) de 15.09.1981 a 11.08.1982;Ángel Luna González;Conseller de Trabajo
Gobierno Preautonómico;Octavo gobierno Preautonómico  (UCD) de 15.09.1981 a 11.08.1982;Jose Luis Sorribes Mur;Conseller adjunto a la Presidencia
Gobierno Preautonómico;Octavo gobierno Preautonómico  (UCD) de 15.09.1981 a 11.08.1982;Vicente Gómez Chirivella;Conseller de Transporte y Turismo
Gobierno Preautonómico;Octavo gobierno Preautonómico  (UCD) de 15.09.1981 a 11.08.1982;Jorge Navarro Canuto;Conseller de Hacienda
Gobierno Preautonómico;Séptimo gobierno Preautonómico  (UCD) de 15.06.1981 a 15.09.1981;Enrique Monsonís Domingo;Presidente
Gobierno Preautonómico;Séptimo gobierno Preautonómico  (UCD) de 15.06.1981 a 15.09.1981;José Peris Soler;Conseller de Educación y Cultura
Gobierno Preautonómico;Séptimo gobierno Preautonómico  (UCD) de 15.06.1981 a 15.09.1981;José Luis Sorribes Mur;Conseller de Obras Públicas y Urbanismo
Gobierno Preautonómico;Séptimo gobierno Preautonómico  (UCD) de 15.06.1981 a 15.09.1981;Leonardo Ramón Sales;Conseller de Industria y Comercio y Agricultura
Gobierno Preautonómico;Sexto gobierno Preautonómico (UCD) de 1.10.1980 a 15.06.1981;Enrique Monsonís Domingo;Presidente
Gobierno Preautonómico;Sexto gobierno Preautonómico (UCD) de 1.10.1980 a 15.06.1981;José Peris Soler;Conseller de Educación y Cultura
Gobierno Preautonómico;Sexto gobierno Preautonómico (UCD) de 1.10.1980 a 15.06.1981;José Luis Sorribes Mur;Conseller de Transportes y Bienestar Social, Obras Públicas y Urbanismo y Turismo
Gobierno Preautonómico;Sexto gobierno Preautonómico (UCD) de 1.10.1980 a 15.06.1981;Leonardo Ramón Sales;Conseller de Industria y Comercio y Agricultura
Gobierno Preautonómico;Quinto gobierno Preautonómico  (UCD) de 17.12.1979 a 1.10.1980;Enrique Monsonís Domingo;Presidente
Gobierno Preautonómico;Quinto gobierno Preautonómico  (UCD) de 17.12.1979 a 1.10.1980;José Peris Soler;Conseller de Educación y Cultura
Gobierno Preautonómico;Quinto gobierno Preautonómico  (UCD) de 17.12.1979 a 1.10.1980;Antonio Espinosa Chapinal;Conseller de Obras Públicas y Urbanismo
Gobierno Preautonómico;Quinto gobierno Preautonómico  (UCD) de 17.12.1979 a 1.10.1980;Leonardo Ramón Sales;Conseller de Industria y Comercio y Agricultura
Gobierno Preautonómico;Cuarto gobierno Preautonómico  (PSPV-PSOE+UCD+PCPV-PCE) de 14.09.1979 a 17.12.1979;Josep Lluís Albiñana Olmos;Presidente
Gobierno Preautonómico;Cuarto gobierno Preautonómico  (PSPV-PSOE+UCD+PCPV-PCE) de 14.09.1979 a 17.12.1979;Enrique Monsonís Domingo;Conseller de Economía y Hacienda, Interior y Trabajo, Obras Públicas y Urbanismo y Turismo
Gobierno Preautonómico;Cuarto gobierno Preautonómico  (PSPV-PSOE+UCD+PCPV-PCE) de 14.09.1979 a 17.12.1979;Francisco Armell Valero;Conseller por la Diputación Provincial de Alicante
Gobierno Preautonómico;Cuarto gobierno Preautonómico  (PSPV-PSOE+UCD+PCPV-PCE) de 14.09.1979 a 17.12.1979;Salvador Miro San Juan;Conseller por la Diputación Provincial de Alicante
Gobierno Preautonómico;Cuarto gobierno Preautonómico  (PSPV-PSOE+UCD+PCPV-PCE) de 14.09.1979 a 17.12.1979;Antonio Espinosa Chapinal;Conseller de Transportes y Bienestar Social
Gobierno Preautonómico;Cuarto gobierno Preautonómico  (PSPV-PSOE+UCD+PCPV-PCE) de 14.09.1979 a 17.12.1979;Luis Verdú López;Conseller por la Diputación Provincial de Alicante
Gobierno Preautonómico;Cuarto gobierno Preautonómico  (PSPV-PSOE+UCD+PCPV-PCE) de 14.09.1979 a 17.12.1979;José Peris Soler;Conseller de Educación y Cultura y Sanidad y Seguridad Social
Gobierno Preautonómico;Cuarto gobierno Preautonómico  (PSPV-PSOE+UCD+PCPV-PCE) de 14.09.1979 a 17.12.1979;Juan Forés Escurra;Conseller por la Diputación Provincial de Castellón
Gobierno Preautonómico;Cuarto gobierno Preautonómico  (PSPV-PSOE+UCD+PCPV-PCE) de 14.09.1979 a 17.12.1979;Antonio García Miralles;Conseller de Obras Públicas y Urbanismo
Gobierno Preautonómico;Cuarto gobierno Preautonómico  (PSPV-PSOE+UCD+PCPV-PCE) de 14.09.1979 a 17.12.1979;Abilio Lázaro Mengod;Conseller por la Diputación Provincial de Castellón
Gobierno Preautonómico;Cuarto gobierno Preautonómico  (PSPV-PSOE+UCD+PCPV-PCE) de 14.09.1979 a 17.12.1979;Leonardo Ramón Sales;Conseller de Industria y Comercio y Agricultura
Gobierno Preautonómico;Cuarto gobierno Preautonómico  (PSPV-PSOE+UCD+PCPV-PCE) de 14.09.1979 a 17.12.1979;Julián Sanmillán Rius;Conseller por la Diputación Provincial de Castellón
Gobierno Preautonómico;Cuarto gobierno Preautonómico  (PSPV-PSOE+UCD+PCPV-PCE) de 14.09.1979 a 17.12.1979;José Beviá Pastor;Conseller sin cartera
Gobierno Preautonómico;Cuarto gobierno Preautonómico  (PSPV-PSOE+UCD+PCPV-PCE) de 14.09.1979 a 17.12.1979;Manuel Girona Rubio;Conseller por la Diputación Provincial de Valencia
Gobierno Preautonómico;Cuarto gobierno Preautonómico  (PSPV-PSOE+UCD+PCPV-PCE) de 14.09.1979 a 17.12.1979;Antonio José Tirado Jiménez;Conseller sin cartera
Gobierno Preautonómico;Cuarto gobierno Preautonómico  (PSPV-PSOE+UCD+PCPV-PCE) de 14.09.1979 a 17.12.1979;Vicente Gómez Chirivella;Conseller por la Diputación Provincial de Valencia
Gobierno Preautonómico;Cuarto gobierno Preautonómico  (PSPV-PSOE+UCD+PCPV-PCE) de 14.09.1979 a 17.12.1979;Adela Pla Pastor;Conseller sin cartera
Gobierno Preautonómico;Cuarto gobierno Preautonómico  (PSPV-PSOE+UCD+PCPV-PCE) de 14.09.1979 a 17.12.1979;Benjamín March Civera;Conseller por las Diputación Provincial de Valencia
Gobierno Preautonómico;Cuarto gobierno Preautonómico  (PSPV-PSOE+UCD+PCPV-PCE) de 14.09.1979 a 17.12.1979;José Galán Peláez;Conseller sin cartera
Gobierno Preautonómico;Tercer gobierno Preautonómico  (PSPV-PSOE+UCD+PCPV-PCE) de 30.06.1979 a 14.09.1979;Josep Lluís Albiñana Olmos;Presidente
Gobierno Preautonómico;Tercer gobierno Preautonómico  (PSPV-PSOE+UCD+PCPV-PCE) de 30.06.1979 a 14.09.1979;Enrique Monsonís Domingo;Conseller de Economía y Hacienda, Interior y Trabajo, Obras Públicas y Urbanismo y Turismo
Gobierno Preautonómico;Tercer gobierno Preautonómico  (PSPV-PSOE+UCD+PCPV-PCE) de 30.06.1979 a 14.09.1979;Francisco Armell Valero;Conseller por la Diputación Provincial de Alicante
Gobierno Preautonómico;Tercer gobierno Preautonómico  (PSPV-PSOE+UCD+PCPV-PCE) de 30.06.1979 a 14.09.1979;Salvador Miro San Juan;Conseller por la Diputación Provincial de Alicante
Gobierno Preautonómico;Tercer gobierno Preautonómico  (PSPV-PSOE+UCD+PCPV-PCE) de 30.06.1979 a 14.09.1979;Antonio Espinosa Chapinal;Conseller de Transportes y Bienestar Social
Gobierno Preautonómico;Tercer gobierno Preautonómico  (PSPV-PSOE+UCD+PCPV-PCE) de 30.06.1979 a 14.09.1979;Luis Verdú López;Conseller por la Diputación Provincial de Alicante
Gobierno Preautonómico;Tercer gobierno Preautonómico  (PSPV-PSOE+UCD+PCPV-PCE) de 30.06.1979 a 14.09.1979;José Peris Soler;Conseller de Educación y Cultura y Sanidad y Seguridad Social
Gobierno Preautonómico;Tercer gobierno Preautonómico  (PSPV-PSOE+UCD+PCPV-PCE) de 30.06.1979 a 14.09.1979;Juan Forés Escurra;Conseller por la Diputación Provincial de Castellón
Gobierno Preautonómico;Tercer gobierno Preautonómico  (PSPV-PSOE+UCD+PCPV-PCE) de 30.06.1979 a 14.09.1979;Antonio García Miralles;Conseller de Obras Públicas y Urbanismo
Gobierno Preautonómico;Tercer gobierno Preautonómico  (PSPV-PSOE+UCD+PCPV-PCE) de 30.06.1979 a 14.09.1979;Abilio Lázaro Mengod;Conseller por la Diputación Provincial de Castellón
Gobierno Preautonómico;Tercer gobierno Preautonómico  (PSPV-PSOE+UCD+PCPV-PCE) de 30.06.1979 a 14.09.1979;Leonardo Ramón Sales;Conseller de Industria y Comercio y Agricultura
Gobierno Preautonómico;Tercer gobierno Preautonómico  (PSPV-PSOE+UCD+PCPV-PCE) de 30.06.1979 a 14.09.1979;Julián Sanmillán Rius;Conseller por la Diputación Provincial de Castellón
Gobierno Preautonómico;Tercer gobierno Preautonómico  (PSPV-PSOE+UCD+PCPV-PCE) de 30.06.1979 a 14.09.1979;José Beviá Pastor;Conseller sin cartera
Gobierno Preautonómico;Tercer gobierno Preautonómico  (PSPV-PSOE+UCD+PCPV-PCE) de 30.06.1979 a 14.09.1979;Manuel Girona Rubio;Conseller por la Diputación Provincial de Valencia
Gobierno Preautonómico;Tercer gobierno Preautonómico  (PSPV-PSOE+UCD+PCPV-PCE) de 30.06.1979 a 14.09.1979;Antonio García Miralles;Conseller sin cartera
Gobierno Preautonómico;Tercer gobierno Preautonómico  (PSPV-PSOE+UCD+PCPV-PCE) de 30.06.1979 a 14.09.1979;Vicente Gómez Chirivella;Conseller por la Diputación Provincial de Valencia
Gobierno Preautonómico;Tercer gobierno Preautonómico  (PSPV-PSOE+UCD+PCPV-PCE) de 30.06.1979 a 14.09.1979;José Galán Peláez;Conseller sin cartera
Gobierno Preautonómico;Tercer gobierno Preautonómico  (PSPV-PSOE+UCD+PCPV-PCE) de 30.06.1979 a 14.09.1979;Adela Pla Pastor;Conseller sin cartera
Gobierno Preautonómico;Tercer gobierno Preautonómico  (PSPV-PSOE+UCD+PCPV-PCE) de 30.06.1979 a 14.09.1979;Benjamín March Civera;Conseller por las Diputación Provincial de Valencia
Gobierno Preautonómico;Segundo gobierno Preautonómico (PSOE+UCD+AP+PSP+USPV+PCPV-PCE) de 17.06.1978 a 30.06.1979;Josep Lluís Albiñana Olmos;Presidente
Gobierno Preautonómico;Segundo gobierno Preautonómico (PSOE+UCD+AP+PSP+USPV+PCPV-PCE) de 17.06.1978 a 30.06.1979;Javier Aguirre de la Hoz;Conseller de Economía y Hacienda
Gobierno Preautonómico;Segundo gobierno Preautonómico (PSOE+UCD+AP+PSP+USPV+PCPV-PCE) de 17.06.1978 a 30.06.1979;Alberto Jarabo Payá;Conseller de Turismo
Gobierno Preautonómico;Segundo gobierno Preautonómico (PSOE+UCD+AP+PSP+USPV+PCPV-PCE) de 17.06.1978 a 30.06.1979;Fernando Vidal Gil;Conseller de Interior
Gobierno Preautonómico;Segundo gobierno Preautonómico (PSOE+UCD+AP+PSP+USPV+PCPV-PCE) de 17.06.1978 a 30.06.1979;Manuel Sánchez Ayuso;Conseller de Sanidad y Seguridad Social
Gobierno Preautonómico;Segundo gobierno Preautonómico (PSOE+UCD+AP+PSP+USPV+PCPV-PCE) de 17.06.1978 a 30.06.1979;José Luis Barceló Rodríguez;Conseller de Educación y Ciencia
Gobierno Preautonómico;Segundo gobierno Preautonómico (PSOE+UCD+AP+PSP+USPV+PCPV-PCE) de 17.06.1978 a 30.06.1979;José Beviá Pastor;Conseller de Cultura
Gobierno Preautonómico;Segundo gobierno Preautonómico (PSOE+UCD+AP+PSP+USPV+PCPV-PCE) de 17.06.1978 a 30.06.1979;Antonio García Miralles;Conseller de Obras Públicas y Urbanismo
Gobierno Preautonómico;Segundo gobierno Preautonómico (PSOE+UCD+AP+PSP+USPV+PCPV-PCE) de 17.06.1978 a 30.06.1979;José Galán Peláez;Conseller de Transportes y Bienestar Social
Gobierno Preautonómico;Segundo gobierno Preautonómico (PSOE+UCD+AP+PSP+USPV+PCPV-PCE) de 17.06.1978 a 30.06.1979;Joan Lerma i Blasco;Conseller de Trabajo
Gobierno Preautonómico;Segundo gobierno Preautonómico (PSOE+UCD+AP+PSP+USPV+PCPV-PCE) de 17.06.1978 a 30.06.1979;Bernardo Heredia Gutiérrez;Conseller sin cartera Alicante
Gobierno Preautonómico;Segundo gobierno Preautonómico (PSOE+UCD+AP+PSP+USPV+PCPV-PCE) de 17.06.1978 a 30.06.1979;Leonardo Ramón Sales;Conseller de Industria y Comercio
Gobierno Preautonómico;Segundo gobierno Preautonómico (PSOE+UCD+AP+PSP+USPV+PCPV-PCE) de 17.06.1978 a 30.06.1979;Luis Ramón Martínez Pérez;Conseller sin cartera Castellón
Gobierno Preautonómico;Segundo gobierno Preautonómico (PSOE+UCD+AP+PSP+USPV+PCPV-PCE) de 17.06.1978 a 30.06.1979;Enrique Monsonís Domingo;Conseller de Agricultura
Gobierno Preautonómico;Segundo gobierno Preautonómico (PSOE+UCD+AP+PSP+USPV+PCPV-PCE) de 17.06.1978 a 30.06.1979;Ignacio Docavo Alberti;Conseller sin cartera Valencia
Gobierno Preautonómico;Primer gobierno Preautonómico (PSOE+UCD+AP+PSP+USPV+PCPV-PCE) de 10.04.1978 a 17.06.1978;Josep Lluís Albiñana Olmos;Presidente
Gobierno Preautonómico;Primer gobierno Preautonómico (PSOE+UCD+AP+PSP+USPV+PCPV-PCE) de 10.04.1978 a 17.06.1978;Javier Aguirre de la Hoz;Conseller de Economía y Hacienda
Gobierno Preautonómico;Primer gobierno Preautonómico (PSOE+UCD+AP+PSP+USPV+PCPV-PCE) de 10.04.1978 a 17.06.1978;Alberto Jarabo Payá;Conseller de Turismo
Gobierno Preautonómico;Primer gobierno Preautonómico (PSOE+UCD+AP+PSP+USPV+PCPV-PCE) de 10.04.1978 a 17.06.1978;Fernando Vidal Gil;Conseller de Interior
Gobierno Preautonómico;Primer gobierno Preautonómico (PSOE+UCD+AP+PSP+USPV+PCPV-PCE) de 10.04.1978 a 17.06.1978;Manuel Sánchez Ayuso;Conseller de Sanidad y Seguridad Social
Gobierno Preautonómico;Primer gobierno Preautonómico (PSOE+UCD+AP+PSP+USPV+PCPV-PCE) de 10.04.1978 a 17.06.1978;José Luis Barceló Rodríguez;Conseller de Educación y Ciencia
Gobierno Preautonómico;Primer gobierno Preautonómico (PSOE+UCD+AP+PSP+USPV+PCPV-PCE) de 10.04.1978 a 17.06.1978;José Beviá Pastor;Conseller de Cultura
Gobierno Preautonómico;Primer gobierno Preautonómico (PSOE+UCD+AP+PSP+USPV+PCPV-PCE) de 10.04.1978 a 17.06.1978;Antonio García Miralles;Conseller de Obras Públicas y Urbanismo
Gobierno Preautonómico;Primer gobierno Preautonómico (PSOE+UCD+AP+PSP+USPV+PCPV-PCE) de 10.04.1978 a 17.06.1978;Emèrit Bono i Martínez;Conseller de Transportes y Bienestar Social
Gobierno Preautonómico;Primer gobierno Preautonómico (PSOE+UCD+AP+PSP+USPV+PCPV-PCE) de 10.04.1978 a 17.06.1978;Joan Lerma i Blasco;Conseller de Trabajo
Gobierno Preautonómico;Primer gobierno Preautonómico (PSOE+UCD+AP+PSP+USPV+PCPV-PCE) de 10.04.1978 a 17.06.1978;Bernardo Heredia Gutiérrez;Conseller sin cartera Alicante
Gobierno Preautonómico;Primer gobierno Preautonómico (PSOE+UCD+AP+PSP+USPV+PCPV-PCE) de 10.04.1978 a 17.06.1978;Leonardo Ramón Sales;Conseller de Industria y Comercio
Gobierno Preautonómico;Primer gobierno Preautonómico (PSOE+UCD+AP+PSP+USPV+PCPV-PCE) de 10.04.1978 a 17.06.1978;Luis Ramón Martínez Pérez;Conseller sin cartera Castellón
Gobierno Preautonómico;Primer gobierno Preautonómico (PSOE+UCD+AP+PSP+USPV+PCPV-PCE) de 10.04.1978 a 17.06.1978;Enrique Monsonís Domingo;Conseller de Agricultura
Gobierno Preautonómico;Primer gobierno Preautonómico (PSOE+UCD+AP+PSP+USPV+PCPV-PCE) de 10.04.1978 a 17.06.1978;Ignacio Docavo Alberti;Conseller sin cartera Valencia
Gobierno de Transición;Segundo gobierno de Transición (PSPV-PSOE+UCD+PCPV-PCE) de 01.12.1982 a 28.06.1983;Joan Lerma i Blasco;Presidente
Gobierno de Transición;Segundo gobierno de Transición (PSPV-PSOE+UCD+PCPV-PCE) de 01.12.1982 a 28.06.1983;Felipe Guardiola Sellés;Vicepresidente
Gobierno de Transición;Segundo gobierno de Transición (PSPV-PSOE+UCD+PCPV-PCE) de 01.12.1982 a 28.06.1983;Manuel Tarancón Fandos;Conseller de Agricultura, Pesca y Alimentación
Gobierno de Transición;Segundo gobierno de Transición (PSPV-PSOE+UCD+PCPV-PCE) de 01.12.1982 a 28.06.1983;Antonio Birlanga Casanova;Conseller de Hacienda
Gobierno de Transición;Segundo gobierno de Transición (PSPV-PSOE+UCD+PCPV-PCE) de 01.12.1982 a 28.06.1983;Vicente Gómez Chirivella;Conseller de Transportes y Turismo
Gobierno de Transición;Segundo gobierno de Transición (PSPV-PSOE+UCD+PCPV-PCE) de 01.12.1982 a 28.06.1983;Ciprià Císcar i Casaban;Conseller de Cultura, Educación y Ciencia
Gobierno de Transición;Segundo gobierno de Transición (PSPV-PSOE+UCD+PCPV-PCE) de 01.12.1982 a 28.06.1983;Enrique Monsonís Domingo;Conseller sin cartera
Gobierno de Transición;Segundo gobierno de Transición (PSPV-PSOE+UCD+PCPV-PCE) de 01.12.1982 a 28.06.1983;Ángel Luna González;Conseller de Sanidad, Trabajo y Seguridad Social
Gobierno de Transición;Segundo gobierno de Transición (PSPV-PSOE+UCD+PCPV-PCE) de 01.12.1982 a 28.06.1983;Jorge Navarro Canuto;Conseller sin cartera
Gobierno de Transición;Segundo gobierno de Transición (PSPV-PSOE+UCD+PCPV-PCE) de 01.12.1982 a 28.06.1983;Segundo Bru Parra;Conseller de Comercio e Industria
Gobierno de Transición;Segundo gobierno de Transición (PSPV-PSOE+UCD+PCPV-PCE) de 01.12.1982 a 28.06.1983;José Luis Sorribes Mur;Conseller sin cartera
Gobierno de Transición;Segundo gobierno de Transición (PSPV-PSOE+UCD+PCPV-PCE) de 01.12.1982 a 28.06.1983;Luis Verdú López;Conseller de Obras Públicas y Urbanismo
Gobierno de Transición;Segundo gobierno de Transición (PSPV-PSOE+UCD+PCPV-PCE) de 01.12.1982 a 28.06.1983;Amparo Cabanes Pecourt;Consellera sin cartera
Gobierno de Transición;Primer gobierno de Transición (UCD+PSPV-PSOE+PCPV-PCE) de 11.08.1982 a 30.11.1982;Enrique Monsonís Domingo;Presidente
Gobierno de Transición;Primer gobierno de Transición (UCD+PSPV-PSOE+PCPV-PCE) de 11.08.1982 a 30.11.1982;Felipe Guardiola Sellés;Vicepresidente y Conseller de Interior
Gobierno de Transición;Primer gobierno de Transición (UCD+PSPV-PSOE+PCPV-PCE) de 11.08.1982 a 30.11.1982;Luis Verdú López Sanz;Conseller de Obras Públicas y Urbanismo
Gobierno de Transición;Primer gobierno de Transición (UCD+PSPV-PSOE+PCPV-PCE) de 11.08.1982 a 30.11.1982;Ciprià Císcar i Casaban;Conseller de Cultura
Gobierno de Transición;Primer gobierno de Transición (UCD+PSPV-PSOE+PCPV-PCE) de 11.08.1982 a 30.11.1982;Ángel Luna González.;Conseller de Trabajo
Gobierno de Transición;Primer gobierno de Transición (UCD+PSPV-PSOE+PCPV-PCE) de 11.08.1982 a 30.11.1982;Segundo Bru Parra;Conseller de Economía, Comercio e Industria
Gobierno de Transición;Primer gobierno de Transición (UCD+PSPV-PSOE+PCPV-PCE) de 11.08.1982 a 30.11.1982;Amparo Cabanes Pecourt;Consellera de Educación
Gobierno de Transición;Primer gobierno de Transición (UCD+PSPV-PSOE+PCPV-PCE) de 11.08.1982 a 30.11.1982;José Luis Sorribes Mur;Conseller adjunto a la Presidencia
Gobierno de Transición;Primer gobierno de Transición (UCD+PSPV-PSOE+PCPV-PCE) de 11.08.1982 a 30.11.1982;Vicente Gómez Chirivella;Conseller de Transporte y Turismo
Gobierno de Transición;Primer gobierno de Transición (UCD+PSPV-PSOE+PCPV-PCE) de 11.08.1982 a 30.11.1982;Jorge Navarro Canuto;Conseller de Hacienda
I Legislatura;Tercer gobierno (PSPV-PSOE) de 23.02.1987 a 27.07.1987;Joan Lerma i Blasco;Presidente
I Legislatura;Tercer gobierno (PSPV-PSOE) de 23.02.1987 a 27.07.1987;Felipe Guardiola Sellés;Vicepresidente
I Legislatura;Tercer gobierno (PSPV-PSOE) de 23.02.1987 a 27.07.1987;Joaquín Colomer Sala;Conseller de Sanidad y Consumo
I Legislatura;Tercer gobierno (PSPV-PSOE) de 23.02.1987 a 27.07.1987;Vicent Soler i Marco;Conseller de Administración Pública
I Legislatura;Tercer gobierno (PSPV-PSOE) de 23.02.1987 a 27.07.1987;Miguel Doménech Pastor;Conseller de Trabajo y Seguridad Social
I Legislatura;Tercer gobierno (PSPV-PSOE) de 23.02.1987 a 27.07.1987;Antonio Birlanga Casanova;Conseller de Economía y Hacienda
I Legislatura;Tercer gobierno (PSPV-PSOE) de 23.02.1987 a 27.07.1987;Andrés García Reche;Conseller de Industria, Comercio y Turismo
I Legislatura;Tercer gobierno (PSPV-PSOE) de 23.02.1987 a 27.07.1987;Rafael Blasco Castany;Conseller de Obras Públicas y Urbanismo
I Legislatura;Tercer gobierno (PSPV-PSOE) de 23.02.1987 a 27.07.1987;Luis Font de Mora Montesinos;Conseller de Agricultura y Pesca
I Legislatura;Tercer gobierno (PSPV-PSOE) de 23.02.1987 a 27.07.1987;Ciprià Císcar i Casaban;Conseller de Cultura, Educación y Ciencia
I Legislatura;Segundo gobierno (PSPV-PSOE) de 24.07.1985 a 22.02.1987;Joan Lerma i Blasco;Presidente
I Legislatura;Segundo gobierno (PSPV-PSOE) de 24.07.1985 a 22.02.1987;Felipe Guardiola Sellés;Vicepresidente
I Legislatura;Segundo gobierno (PSPV-PSOE) de 24.07.1985 a 22.02.1987;Joaquín Colomer Sala;Conseller de Sanidad y Consumo
I Legislatura;Segundo gobierno (PSPV-PSOE) de 24.07.1985 a 22.02.1987;Vicent Soler i Marco;Conseller de Administración Pública
I Legislatura;Segundo gobierno (PSPV-PSOE) de 24.07.1985 a 22.02.1987;Miguel Doménech Pastor;Conseller de Trabajo y Seguridad Social
I Legislatura;Segundo gobierno (PSPV-PSOE) de 24.07.1985 a 22.02.1987;Antonio Birlanga Casanova;Conseller de Economía y Hacienda
I Legislatura;Segundo gobierno (PSPV-PSOE) de 24.07.1985 a 22.02.1987;Segundo Bru Parra;Conseller de Industria, Comercio y Turismo
I Legislatura;Segundo gobierno (PSPV-PSOE) de 24.07.1985 a 22.02.1987;Rafael Blasco Castany;Conseller de Obras Públicas y Urbanismo
I Legislatura;Segundo gobierno (PSPV-PSOE) de 24.07.1985 a 22.02.1987;Luis Font de Mora Montesinos;Conseller de Agricultura y Pesca
I Legislatura;Segundo gobierno (PSPV-PSOE) de 24.07.1985 a 22.02.1987;Ciprià Císcar i Casaban;Conseller de Cultura, Educación y Ciencia
I Legislatura;Primer gobierno (PSPV-PSOE) de 28.06.1983 a 23.07.1985;Joan Lerma i Blasco;Presidente
I Legislatura;Primer gobierno (PSPV-PSOE) de 28.06.1983 a 23.07.1985;Felipe Guardiola Sellés;Vicepresidente y Conseller de Gobernación
I Legislatura;Primer gobierno (PSPV-PSOE) de 28.06.1983 a 23.07.1985;Ciprià Císcar i Casaban;Conseller de Cultura, Educación y Ciencia
I Legislatura;Primer gobierno (PSPV-PSOE) de 28.06.1983 a 23.07.1985;Rafael Blasco Castany;Conseller de la Presidencia
I Legislatura;Primer gobierno (PSPV-PSOE) de 28.06.1983 a 23.07.1985;Miguel Ángel Millana Sansaturio;Conseller de Sanidad, Seguridad Social y Trabajo
I Legislatura;Primer gobierno (PSPV-PSOE) de 28.06.1983 a 23.07.1985;Antonio Birlanga Casanova;Conseller de Economía y Hacienda
I Legislatura;Primer gobierno (PSPV-PSOE) de 28.06.1983 a 23.07.1985;Segundo Bru Parra;Conseller de Industria, Comercio y Turismo
I Legislatura;Primer gobierno (PSPV-PSOE) de 28.06.1983 a 23.07.1985;Vicente Llombart Rosa;Conseller de Obras Públicas, Urbanismo y Transportes
I Legislatura;Primer gobierno (PSPV-PSOE) de 28.06.1983 a 23.07.1985;Luis Font de Mora Montesinos;Conseller de Agricultura, Pesca y Alimentación
II Legislatura;Tercer gobierno (PSPV-PSOE) de 30.12.1989 a 16.07.1991;Joan Lerma i Blasco;Presidente
II Legislatura;Tercer gobierno (PSPV-PSOE) de 30.12.1989 a 16.07.1991;Antonio Birlanga Casanova;Conseller de Economía y Hacienda
II Legislatura;Tercer gobierno (PSPV-PSOE) de 30.12.1989 a 16.07.1991;Joaquín Colomer Sala;Conseller de Sanidad y Consumo
II Legislatura;Tercer gobierno (PSPV-PSOE) de 30.12.1989 a 16.07.1991;Emèrit Bono i Martínez;Conseller de Administración Pública
II Legislatura;Tercer gobierno (PSPV-PSOE) de 30.12.1989 a 16.07.1991;Miguel Doménech Pastor;Conseller de Trabajo y Seguridad Social
II Legislatura;Tercer gobierno (PSPV-PSOE) de 30.12.1989 a 16.07.1991;Eugenio Burriel de Orueta;Conseller de Obras Públicas, Urbanismo y Transportes
II Legislatura;Tercer gobierno (PSPV-PSOE) de 30.12.1989 a 16.07.1991;Andrés García Reche;Conseller de Industria, Comercio y Turismo
II Legislatura;Tercer gobierno (PSPV-PSOE) de 30.12.1989 a 16.07.1991;Antoni Escarré Esteve;Conseller de Cultura, Educación y Ciencia
II Legislatura;Tercer gobierno (PSPV-PSOE) de 30.12.1989 a 16.07.1991;Luis Font de Mora Montesinos;Conseller de Agricultura y Pesca
II Legislatura;Segundo gobierno (PSPV-PSOE) de 19.09.1989 a 29.12.1989;Joan Lerma i Blasco;Presidente
II Legislatura;Segundo gobierno (PSPV-PSOE) de 19.09.1989 a 29.12.1989;Antonio Birlanga Casanova;Conseller de Economía y Hacienda
II Legislatura;Segundo gobierno (PSPV-PSOE) de 19.09.1989 a 29.12.1989;Joaquín Colomer Sala;Conseller de Sanidad y Consumo
II Legislatura;Segundo gobierno (PSPV-PSOE) de 19.09.1989 a 29.12.1989;Emèrit Bono i Martínez;Conseller de Administración Pública
II Legislatura;Segundo gobierno (PSPV-PSOE) de 19.09.1989 a 29.12.1989;Miguel Doménech Pastor;Conseller de Trabajo y Seguridad Social
II Legislatura;Segundo gobierno (PSPV-PSOE) de 19.09.1989 a 29.12.1989;Rafael Blasco Castany;Conseller de Obras Públicas, Urbanismo y Transportes
II Legislatura;Segundo gobierno (PSPV-PSOE) de 19.09.1989 a 29.12.1989;Andrés García Reche;Conseller de Industria, Comercio y Turismo
II Legislatura;Segundo gobierno (PSPV-PSOE) de 19.09.1989 a 29.12.1989;Antoni Escarré Esteve;Conseller de Cultura, Educación y Ciencia
II Legislatura;Segundo gobierno (PSPV-PSOE) de 19.09.1989 a 29.12.1989;Luis Font de Mora Montesinos;Conseller de Agricultura y Pesca
II Legislatura;Primer gobierno (PSPV-PSOE) de 27.07.1987 a 18.09.1989;Joan Lerma i Blasco;Presidente
II Legislatura;Primer gobierno (PSPV-PSOE) de 27.07.1987 a 18.09.1989;Antonio Birlanga Casanova;Conseller de Economía y Hacienda
II Legislatura;Primer gobierno (PSPV-PSOE) de 27.07.1987 a 18.09.1989;Joaquín Colomer Sala;Conseller de Sanidad y Consumo
II Legislatura;Primer gobierno (PSPV-PSOE) de 27.07.1987 a 18.09.1989;Joaquín Azagra Ros;Conseller de Administración Pública
II Legislatura;Primer gobierno (PSPV-PSOE) de 27.07.1987 a 18.09.1989;Miguel Doménech Pastor;Conseller de Trabajo y Seguridad Social
II Legislatura;Primer gobierno (PSPV-PSOE) de 27.07.1987 a 18.09.1989;Rafael Blasco Castany;Conseller de Obras Públicas, Urbanismo y Transportes
II Legislatura;Primer gobierno (PSPV-PSOE) de 27.07.1987 a 18.09.1989;Andrés García Reche;Conseller de Industria, Comercio y Turismo
II Legislatura;Primer gobierno (PSPV-PSOE) de 27.07.1987 a 18.09.1989;Ciprià Císcar i Casaban;Conseller de Cultura, Educación y Ciencia
II Legislatura;Primer gobierno (PSPV-PSOE) de 27.07.1987 a 18.09.1989;Luis Font de Mora Montesinos;Conseller de Agricultura y Pesca
III Legislatura;Segundo gobierno (PSPV-PSOE) de 12.07.1993 a 6.07.1995;Joan Lerma i Blasco;Presidente
III Legislatura;Segundo gobierno (PSPV-PSOE) de 12.07.1993 a 6.07.1995;Aurelio Martínez Estévez;Conseller de Economía y Hacienda
III Legislatura;Segundo gobierno (PSPV-PSOE) de 12.07.1993 a 6.07.1995;Joaquín Colomer Sala;Conseller de Sanidad y Consumo
III Legislatura;Segundo gobierno (PSPV-PSOE) de 12.07.1993 a 6.07.1995;Luis Berenguer Fuster;Conseller de Administración Pública
III Legislatura;Segundo gobierno (PSPV-PSOE) de 12.07.1993 a 6.07.1995;Francisco Javier Sanahuja Sanchís;Conseller de Trabajo y Asuntos Sociales
III Legislatura;Segundo gobierno (PSPV-PSOE) de 12.07.1993 a 6.07.1995;Eugenio Burriel de Orueta;Conseller de Obras Públicas, Urbanismo y Transporte
III Legislatura;Segundo gobierno (PSPV-PSOE) de 12.07.1993 a 6.07.1995;Martín Sevilla Jiménez;Conseller de Industria, Comercio y Turismo
III Legislatura;Segundo gobierno (PSPV-PSOE) de 12.07.1993 a 6.07.1995;Pilar Pedraza Martínez;Consellera de Cultura
III Legislatura;Segundo gobierno (PSPV-PSOE) de 12.07.1993 a 6.07.1995;Josep María Coll Comín;Conseller de Agricultura y Pesca
III Legislatura;Segundo gobierno (PSPV-PSOE) de 12.07.1993 a 6.07.1995;Joan Romero González;Conseller de Educación y Ciencia
III Legislatura;Segundo gobierno (PSPV-PSOE) de 12.07.1993 a 6.07.1995;Emèrit Bono i Martínez;Conseller de Medio Ambiente
III Legislatura;Primer gobierno (PSPV-PSOE) de 16.07.1991 a 11.07.1993;Joan Lerma i Blasco;Presidente
III Legislatura;Primer gobierno (PSPV-PSOE) de 16.07.1991 a 11.07.1993;Antonio Birlanga Casanova;Conseller de Economía y Hacienda
III Legislatura;Primer gobierno (PSPV-PSOE) de 16.07.1991 a 11.07.1993;Martín Sevilla Jiménez;Conseller de Trabajo y Asuntos Sociales
III Legislatura;Primer gobierno (PSPV-PSOE) de 16.07.1991 a 11.07.1993;Emèrit Bono i Martínez;Conseller de Administración Pública
III Legislatura;Primer gobierno (PSPV-PSOE) de 16.07.1991 a 11.07.1993;Andrés García Reche;Conseller de Industria, Comercio y Turismo
III Legislatura;Primer gobierno (PSPV-PSOE) de 16.07.1991 a 11.07.1993;Eugenio Burriel de Orueta;Conseller de Obras Públicas, Urbanismo y Transporte
III Legislatura;Primer gobierno (PSPV-PSOE) de 16.07.1991 a 11.07.1993;Luis Font de Mora Montesinos;Conseller de Agricultura y Pesca
III Legislatura;Primer gobierno (PSPV-PSOE) de 16.07.1991 a 11.07.1993;Andreu López Blasco;Conseller de Cultura, Educación y Ciencia
III Legislatura;Primer gobierno (PSPV-PSOE) de 16.07.1991 a 11.07.1993;Antoni Escarré Esteve;Conseller de Medio Ambiente
III Legislatura;Primer gobierno (PSPV-PSOE) de 16.07.1991 a 11.07.1993;Joaquín Colomer Sala;Conseller de Sanidad y Consumo
IV Legislatura;Sexto gobierno (PP+UV) de 23.01.1999 a 23.07.1999;Eduardo Zaplana Hernández-Soro (PP-CV);Presidente
IV Legislatura;Sexto gobierno (PP+UV) de 23.01.1999 a 23.07.1999;José Joaquín Ripoll Serrano;Conseller de Presidencia
IV Legislatura;Sexto gobierno (PP+UV) de 23.01.1999 a 23.07.1999;Diego Such Pérez;Conseller de Empleo, Industria y Comercio
IV Legislatura;Sexto gobierno (PP+UV) de 23.01.1999 a 23.07.1999;José Luis Olivas Martínez;Conseller de Economía, Hacienda y Administración Pública
IV Legislatura;Sexto gobierno (PP+UV) de 23.01.1999 a 23.07.1999;Salvador Manuel Ortells Rosell;Consellera de Agricultura, Pesca y Alimentación
IV Legislatura;Sexto gobierno (PP+UV) de 23.01.1999 a 23.07.1999;José Ramón García Antón;Conseller de Obras Públicas, Urbanismo y Transportes
IV Legislatura;Sexto gobierno (PP+UV) de 23.01.1999 a 23.07.1999;José Manuel Castellá Almiñana;Conseller de Medio Ambiente
IV Legislatura;Sexto gobierno (PP+UV) de 23.01.1999 a 23.07.1999;Manuel Tarancón Fandos;Conseller de Cultura, Educación y Ciencia
IV Legislatura;Sexto gobierno (PP+UV) de 23.01.1999 a 23.07.1999;Marcela Miró Pérez;Consellera de Bienestar Social
IV Legislatura;Sexto gobierno (PP+UV) de 23.01.1999 a 23.07.1999;Joaquín Farnós Gauchía;Conseller de Sanidad
IV Legislatura;Quinto gobierno (PP+UV) de 15.01.1999 a 22.01.1999;Eduardo Zaplana Hernández-Soro (PP-CV);Presidente
IV Legislatura;Quinto gobierno (PP+UV) de 15.01.1999 a 22.01.1999;José Joaquín Ripoll Serrano;Conseller de Presidencia
IV Legislatura;Quinto gobierno (PP+UV) de 15.01.1999 a 22.01.1999;Diego Such Pérez;Conseller de Empleo, Industria y Comercio
IV Legislatura;Quinto gobierno (PP+UV) de 15.01.1999 a 22.01.1999;José Luis Olivas Martínez;Conseller de Economía, Hacienda y Administración Pública
IV Legislatura;Quinto gobierno (PP+UV) de 15.01.1999 a 22.01.1999;Salvador Manuel Ortells Rosell;Consellera de Agricultura, Pesca y Alimentación
IV Legislatura;Quinto gobierno (PP+UV) de 15.01.1999 a 22.01.1999;José Ramón García Antón;Conseller de Obras Públicas, Urbanismo y Transportes
IV Legislatura;Quinto gobierno (PP+UV) de 15.01.1999 a 22.01.1999;José Manuel Castellá Almiñana;Conseller de Medio Ambiente
IV Legislatura;Quinto gobierno (PP+UV) de 15.01.1999 a 22.01.1999;Francisco Enrique Camps Ortiz;Conseller de Cultura, Educación y Ciencia
IV Legislatura;Quinto gobierno (PP+UV) de 15.01.1999 a 22.01.1999;Marcela Miró Pérez;Consellera de Bienestar Social
IV Legislatura;Quinto gobierno (PP+UV) de 15.01.1999 a 22.01.1999;Joaquín Farnós Gauchía;Conseller de Sanidad
IV Legislatura;Cuarto gobierno (PP+UV) de 16.03.1998 a 14.01.1999;Eduardo Zaplana Hernández-Soro (PP-CV);Presidente
IV Legislatura;Cuarto gobierno (PP+UV) de 16.03.1998 a 14.01.1999;José Joaquín Ripoll Serrano;Conseller de Presidencia
IV Legislatura;Cuarto gobierno (PP+UV) de 16.03.1998 a 14.01.1999;Diego Such Pérez;Conseller de Empleo, Industria y Comercio
IV Legislatura;Cuarto gobierno (PP+UV) de 16.03.1998 a 14.01.1999;José Luis Olivas Martínez;Conseller de Economía, Hacienda y Administración Pública
IV Legislatura;Cuarto gobierno (PP+UV) de 16.03.1998 a 14.01.1999;Maria Àngels Ramón-Llin i Martínez;Consellera de Agricultura, Pesca y Alimentación
IV Legislatura;Cuarto gobierno (PP+UV) de 16.03.1998 a 14.01.1999;José Ramón García Antón;Conseller de Obras Públicas, Urbanismo y Transportes
IV Legislatura;Cuarto gobierno (PP+UV) de 16.03.1998 a 14.01.1999;José Manuel Castellá Almiñana;Conseller de Medio Ambiente
IV Legislatura;Cuarto gobierno (PP+UV) de 16.03.1998 a 14.01.1999;Francisco Enrique Camps Ortiz;Conseller de Cultura, Educación y Ciencia
IV Legislatura;Cuarto gobierno (PP+UV) de 16.03.1998 a 14.01.1999;Marcela Miró Pérez;Consellera de Bienestar Social
IV Legislatura;Cuarto gobierno (PP+UV) de 16.03.1998 a 14.01.1999;Joaquín Farnós Gauchía;Conseller de Sanidad
IV Legislatura;Tercer gobierno (PP+UV) de 24.02.1997 a 15.03.1998;Eduardo Zaplana Hernández-Soro (PP-CV);Presidente
IV Legislatura;Tercer gobierno (PP+UV) de 24.02.1997 a 15.03.1998;José Joaquín Ripoll Serrano;Conseller de Presidencia
IV Legislatura;Tercer gobierno (PP+UV) de 24.02.1997 a 15.03.1998;Diego Such Pérez;Conseller de Empleo, Industria y Comercio
IV Legislatura;Tercer gobierno (PP+UV) de 24.02.1997 a 15.03.1998;José Luis Olivas Martínez;Conseller de Economía, Hacienda y Administración Pública
IV Legislatura;Tercer gobierno (PP+UV) de 24.02.1997 a 15.03.1998;Maria Àngels Ramón-Llin i Martínez;Consellera de Agricultura, Pesca y Alimentación
IV Legislatura;Tercer gobierno (PP+UV) de 24.02.1997 a 15.03.1998;Luis Fernando Cartagena Travesedo;Conseller de Obras Públicas, Urbanismo y Transportes
IV Legislatura;Tercer gobierno (PP+UV) de 24.02.1997 a 15.03.1998;José Manuel Castellá Almiñana;Conseller de Medio Ambiente
IV Legislatura;Tercer gobierno (PP+UV) de 24.02.1997 a 15.03.1998;Francisco Enrique Camps Ortiz;Conseller de Cultura, Educación y Ciencia
IV Legislatura;Tercer gobierno (PP+UV) de 24.02.1997 a 15.03.1998;Marcela Miró Pérez;Consellera de Bienestar Social
IV Legislatura;Tercer gobierno (PP+UV) de 24.02.1997 a 15.03.1998;Joaquín Farnós Gauchía;Conseller de Sanidad
IV Legislatura;Segundo gobierno (PP+UV) de 07.05.1996 a 24.02.1997;Eduardo Zaplana Hernández-Soro;Presidente
IV Legislatura;Segundo gobierno (PP+UV) de 07.05.1996 a 24.02.1997;José Luis Olivas Martínez;Conseller de Economía y Hacienda
IV Legislatura;Segundo gobierno (PP+UV) de 07.05.1996 a 24.02.1997;Joaquín Farnós Gauchía;Conseller de Sanidad y Consumo
IV Legislatura;Segundo gobierno (PP+UV) de 07.05.1996 a 24.02.1997;José Joaquín Ripoll Serrano;Conseller de Administración Pública
IV Legislatura;Segundo gobierno (PP+UV) de 07.05.1996 a 24.02.1997;José Sanmartín Esplugues;Conseller de Trabajo y Asuntos Sociales
IV Legislatura;Segundo gobierno (PP+UV) de 07.05.1996 a 24.02.1997;Diego Such Pérez;Conseller de Industria y Comercio
IV Legislatura;Segundo gobierno (PP+UV) de 07.05.1996 a 24.02.1997;Luis Fernando Cartagena Travesedo;Conseller de Obras Públicas, Urbanismo y Transportes
IV Legislatura;Segundo gobierno (PP+UV) de 07.05.1996 a 24.02.1997;Maria Àngels Ramón-Llin i Martínez;Consellera de Agricultura y Medio Ambiente
IV Legislatura;Segundo gobierno (PP+UV) de 07.05.1996 a 24.02.1997;Marcela Miró Pérez;Conseller de Cultura, Educación y Ciencia
IV Legislatura;Primer gobierno (PP+UV) de 06.07.1995 a 06.05.1996;Eduardo Zaplana Hernández-Soro;Presidente
IV Legislatura;Primer gobierno (PP+UV) de 06.07.1995 a 06.05.1996;José Luis Olivas Martínez;Conseller de Economía y Hacienda
IV Legislatura;Primer gobierno (PP+UV) de 06.07.1995 a 06.05.1996;Joaquín Farnós Gauchía;Conseller de Sanidad y Consumo
IV Legislatura;Primer gobierno (PP+UV) de 06.07.1995 a 06.05.1996;José Joaquín Ripoll Serrano;Conseller de Administración Pública
IV Legislatura;Primer gobierno (PP+UV) de 06.07.1995 a 06.05.1996;José Sanmartín Esplugues;Conseller de Trabajo y Asuntos Sociales
IV Legislatura;Primer gobierno (PP+UV) de 06.07.1995 a 06.05.1996;Diego Such Pérez;Conseller de Industria y Comercio
IV Legislatura;Primer gobierno (PP+UV) de 06.07.1995 a 06.05.1996;Luis Fernando Cartagena Travesedo;Conseller de Obras Públicas, Urbanismo y Transportes
IV Legislatura;Primer gobierno (PP+UV) de 06.07.1995 a 06.05.1996;Maria Àngels Ramón-Llin i Martínez;Consellera de Agricultura y Medio Ambiente
IV Legislatura;Primer gobierno (PP+UV) de 06.07.1995 a 06.05.1996;Fernando Villalonga Campos;Conseller de Cultura, Educación y Ciencia
V Legislatura;Tercer gobierno (PP) de 25.07.2002 a 21.06.2003;José Luis Olivas Martínez;Presidente
V Legislatura;Tercer gobierno (PP) de 25.07.2002 a 21.06.2003;José Joaquín Ripoll Serrano;Vicepresidente
V Legislatura;Tercer gobierno (PP) de 25.07.2002 a 21.06.2003;Maria Àngels Ramón-Llin i Martínez;Consellera de Agricultura, Pesca y Alimentación
V Legislatura;Tercer gobierno (PP) de 25.07.2002 a 21.06.2003;Vicente Rambla Momplet;Conseller de Economía, Hacienda y Empleo
V Legislatura;Tercer gobierno (PP) de 25.07.2002 a 21.06.2003;Fernando Modrego Caballero;Conseller de Medio Ambiente
V Legislatura;Tercer gobierno (PP) de 25.07.2002 a 21.06.2003;José Ramón García Antón;Conseller de Obras Públicas, Urbanismo y Transportes
V Legislatura;Tercer gobierno (PP) de 25.07.2002 a 21.06.2003;Carlos González Cepeda;Conseller de Justicia y Administraciones Públicas
V Legislatura;Tercer gobierno (PP) de 25.07.2002 a 21.06.2003;Manuel Tarancón Fandos;Conseller de Cultura y Educación
V Legislatura;Tercer gobierno (PP) de 25.07.2002 a 21.06.2003;Rafael Blasco Castany;Conseller de Bienestar Social
V Legislatura;Tercer gobierno (PP) de 25.07.2002 a 21.06.2003;Serafín Castellano Gómez;Conseller de Sanidad
V Legislatura;Tercer gobierno (PP) de 25.07.2002 a 21.06.2003;Alicia de Miguel García;Consellera Portavoz del Gobierno
V Legislatura;Tercer gobierno (PP) de 25.07.2002 a 21.06.2003;Fernando Vicente Castelló Boronat;Conseller de Industria, Comercio y Energia
V Legislatura;Segundo gobierno (PP) de 22.5.2000 a 25.7.2002;Eduardo Zaplana Hernández-Soro;Presidente
V Legislatura;Segundo gobierno (PP) de 22.5.2000 a 25.7.2002;José Luis Olivas Martínez;Vicepresidente 1º
V Legislatura;Segundo gobierno (PP) de 22.5.2000 a 25.7.2002;Fernando Vicente Castelló Boronat;Conseller de Industria y Comercio de 22/05/2001 a 30/10/2001
V Legislatura;Segundo gobierno (PP) de 22.5.2000 a 25.7.2002;José Joaquín Ripoll Serrano;Vicepresidente 2º
V Legislatura;Segundo gobierno (PP) de 22.5.2000 a 25.7.2002;Maria Àngels Ramón-Llin i Martínez;Consellera de Agricultura, Pesca y Alimentación
V Legislatura;Segundo gobierno (PP) de 22.5.2000 a 25.7.2002;Vicente Rambla Momplet;Conseller de Economía, Hacienda y Empleo
V Legislatura;Segundo gobierno (PP) de 22.5.2000 a 25.7.2002;Fernando Modrego Caballero;Conseller de Medio Ambiente
V Legislatura;Segundo gobierno (PP) de 22.5.2000 a 25.7.2002;José Ramón García Antón;Conseller de Obras Públicas, Urbanismo y Transportes
V Legislatura;Segundo gobierno (PP) de 22.5.2000 a 25.7.2002;Carlos González Cepeda;Conseller de Justicia y Administraciones Públicas
V Legislatura;Segundo gobierno (PP) de 22.5.2000 a 25.7.2002;Manuel Tarancón Fandos;Conseller de Cultura y Educación
V Legislatura;Segundo gobierno (PP) de 22.5.2000 a 25.7.2002;Rafael Blasco Castany;Conseller de Bienestar Social
V Legislatura;Segundo gobierno (PP) de 22.5.2000 a 25.7.2002;Serafín Castellano Gómez;Conseller de Sanidad
V Legislatura;Segundo gobierno (PP) de 22.5.2000 a 25.7.2002;Alicia de Miguel García;Consellera Portavoz del Gobierno
V Legislatura;Primer gobierno (PP) de 23.07.1999 a 22.05.2000;Eduardo Zaplana Hernández-Soro;Presidente
V Legislatura;Primer gobierno (PP) de 23.07.1999 a 22.05.2000;José Luis Olivas Martínez;Vicepresidente primero
V Legislatura;Primer gobierno (PP) de 23.07.1999 a 22.05.2000;Fernando Vicente Castelló Boronat;Conseller de Industria y Comercio
V Legislatura;Primer gobierno (PP) de 23.07.1999 a 22.05.2000;José Joaquín Ripoll Serrano;Vicepresidente segundo
V Legislatura;Primer gobierno (PP) de 23.07.1999 a 22.05.2000;Maria Àngels Ramón-Llin i Martínez;Consellera de Agricultura, Pesca y Alimentación
V Legislatura;Primer gobierno (PP) de 23.07.1999 a 22.05.2000;Vicente Rambla Momplet;Conseller de Economía y Hacienda
V Legislatura;Primer gobierno (PP) de 23.07.1999 a 22.05.2000;Fernando Modrego Caballero;Conseller de Medio Ambiente
V Legislatura;Primer gobierno (PP) de 23.07.1999 a 22.05.2000;José Ramón García Antón;Conseller de Obras Públicas, Urbanismo y Transportes
V Legislatura;Primer gobierno (PP) de 23.07.1999 a 22.05.2000;Serafín Castellano Gómez;Conseller de Justicia y Administraciones Públicas
V Legislatura;Primer gobierno (PP) de 23.07.1999 a 22.05.2000;Manuel Tarancón Fandos;Conseller de Cultura, Educación y Ciencia
V Legislatura;Primer gobierno (PP) de 23.07.1999 a 22.05.2000;Rafael Blasco Castany;Conseller de Empleo
V Legislatura;Primer gobierno (PP) de 23.07.1999 a 22.05.2000;José Emilio Cervera Cardona;Conseller de Sanidad
V Legislatura;Primer gobierno (PP) de 23.07.1999 a 22.05.2000;María Carmen Mas Rubio;Consellera de Bienestar Social hasta 17/05/2000
VI Legislatura;Tercer gobierno (PP) de 30.05.2006 a 29.06.2007;Francisco Enrique Camps Ortiz;Presidente
VI Legislatura;Tercer gobierno (PP) de 30.05.2006 a 29.06.2007;Víctor Campos Guinot;Vicepresidente
VI Legislatura;Tercer gobierno (PP) de 30.05.2006 a 29.06.2007;Juan Gabriel Cotino Ferrer;Conseller de Agricultura, Pesca y Alimentación
VI Legislatura;Tercer gobierno (PP) de 30.05.2006 a 29.06.2007;Gerardo Camps Devesa;Conseller de Economía, Hacienda y Empleo
VI Legislatura;Tercer gobierno (PP) de 30.05.2006 a 29.06.2007;Esteban González Pons;Conseller de Territorio y Vivienda
VI Legislatura;Tercer gobierno (PP) de 30.05.2006 a 29.06.2007;Miguel Peralta Viñes;Conseller de Justicia y Administraciones Públicas
VI Legislatura;Tercer gobierno (PP) de 30.05.2006 a 29.06.2007;Alicia de Miguel García;Consellera de Bienestar Social
VI Legislatura;Tercer gobierno (PP) de 30.05.2006 a 29.06.2007;José Ramón García Antón;Conseller de Infraestructuras y Transporte
VI Legislatura;Tercer gobierno (PP) de 30.05.2006 a 29.06.2007;María Milagrosa Martínez Navarro;Consellera de Turismo
VI Legislatura;Tercer gobierno (PP) de 30.05.2006 a 29.06.2007;Alejandro Font de Mora Turón;Conseller de Cultura, Educación y Deporte
VI Legislatura;Tercer gobierno (PP) de 30.05.2006 a 29.06.2007;Vicente Rambla Momplet;Conseller de Relaciones Institucionales y Comunicación y Portavoz del Consell de la Generalitat (sin cartera)
VI Legislatura;Tercer gobierno (PP) de 30.05.2006 a 29.06.2007;Rafael Blasco Castany;Conseller de Sanidad
VI Legislatura;Tercer gobierno (PP) de 30.05.2006 a 29.06.2007;Gema Amor Pérez;Consellera de Cooperación y Participación (sin cartera)
VI Legislatura;Tercer gobierno (PP) de 30.05.2006 a 29.06.2007;Justo Nieto Nieto;Conseller de Empresa, Universidad y Ciencia
VI Legislatura;Segundo gobierno (PP) de 27.08.2004 a 30.05.2006;Francisco Enrique Camps Ortiz;Presidente
VI Legislatura;Segundo gobierno (PP) de 27.08.2004 a 30.05.2006;Víctor Campos Guinot;Vicepresidente
VI Legislatura;Segundo gobierno (PP) de 27.08.2004 a 30.05.2006;Juan Gabriel Cotino Ferrer;Conseller de Agricultura, Pesca y Alimentación
VI Legislatura;Segundo gobierno (PP) de 27.08.2004 a 30.05.2006;Gerardo Camps Devesa;Conseller de Economía, Hacienda y Empleo
VI Legislatura;Segundo gobierno (PP) de 27.08.2004 a 30.05.2006;Rafael Blasco Castany;Conseller de Territorio y Vivienda
VI Legislatura;Segundo gobierno (PP) de 27.08.2004 a 30.05.2006;Miguel Peralta Viñes;Conseller de Justicia y Administraciones Públicas
VI Legislatura;Segundo gobierno (PP) de 27.08.2004 a 30.05.2006;Alicia de Miguel García;Consellera de Bienestar Social
VI Legislatura;Segundo gobierno (PP) de 27.08.2004 a 30.05.2006;José Ramón García Antón;Conseller de Infraestructuras y Transporte
VI Legislatura;Segundo gobierno (PP) de 27.08.2004 a 30.05.2006;María Milagrosa Martínez Navarro;Consellera de Turismo
VI Legislatura;Segundo gobierno (PP) de 27.08.2004 a 30.05.2006;Alejandro Font de Mora Turón;Conseller de Cultura, Educación y Deporte
VI Legislatura;Segundo gobierno (PP) de 27.08.2004 a 30.05.2006;Esteban González Pons;Conseller de Relaciones Institucionales y Comunicación y Portavoz del Consell de la Generalitat (sin cartera)
VI Legislatura;Segundo gobierno (PP) de 27.08.2004 a 30.05.2006;Vicente Rambla Momplet;Conseller de Sanidad
VI Legislatura;Segundo gobierno (PP) de 27.08.2004 a 30.05.2006;Gema Amor Pérez;Consellera de Cooperación y Participación (sin cartera)
VI Legislatura;Segundo gobierno (PP) de 27.08.2004 a 30.05.2006;Justo Nieto Nieto;Conseller de Empresa, Universidad y Ciencia
VI Legislatura;Primer gobierno (PP) de 21.06.2003 a 27.08.2004;Francisco Enrique Camps Ortiz;Presidente
VI Legislatura;Primer gobierno (PP) de 21.06.2003 a 27.08.2004;Alejandro Font de Mora Turón;Conseller de Presidencia
VI Legislatura;Primer gobierno (PP) de 21.06.2003 a 27.08.2004;Vicente Rambla Momplet;Conseller de Sanidad
VI Legislatura;Primer gobierno (PP) de 21.06.2003 a 27.08.2004;Gerardo Camps Devesa;Conseller de Economía, Hacienda y Empleo
VI Legislatura;Primer gobierno (PP) de 21.06.2003 a 27.08.2004;Miguel Peralta Viñes;Conseller de Industria, Comercio y Turismo
VI Legislatura;Primer gobierno (PP) de 21.06.2003 a 27.08.2004;Víctor Campos Guinot;Conseller de Justicia y Administraciones Públicas
VI Legislatura;Primer gobierno (PP) de 21.06.2003 a 27.08.2004;Gema Amor Pérez;Consellera de Agricultura, Pesca y Alimentación
VI Legislatura;Primer gobierno (PP) de 21.06.2003 a 27.08.2004;José Ramón García Antón;Conseller de Infraestructuras y Transporte
VI Legislatura;Primer gobierno (PP) de 21.06.2003 a 27.08.2004;Rafael Blasco Castany;Conseller de Territorio y Vivienda
VI Legislatura;Primer gobierno (PP) de 21.06.2003 a 27.08.2004;Esteban González Pons;Conseller de Cultura, Educación y Deporte
VI Legislatura;Primer gobierno (PP) de 21.06.2003 a 27.08.2004;Alicia de Miguel García;Consellera de Bienestar Social
VII Legislatura;Tercer gobierno (PP) de 31.08.2009 a 22.06.2011;Francisco Enrique Camps Ortiz;Presidente
VII Legislatura;Tercer gobierno (PP) de 31.08.2009 a 22.06.2011;Vicente Rambla Momplet;Conseller de Industria, Comercio e Innovación y Vicepresidente 1º
VII Legislatura;Tercer gobierno (PP) de 31.08.2009 a 22.06.2011;Manuel Cervera Taulet;Conseller de Sanidad
VII Legislatura;Tercer gobierno (PP) de 31.08.2009 a 22.06.2011;Gerardo Camps Devesa;Conseller de Economía, Hacienda y Empleo y Vicepresidente 2º
VII Legislatura;Tercer gobierno (PP) de 31.08.2009 a 22.06.2011;Belén Juste Picón;Consellera de Turismo
VII Legislatura;Tercer gobierno (PP) de 31.08.2009 a 22.06.2011;Juan Gabriel Cotino Ferrer;Conseller de Medio Ambiente, Agua, Urbanismo y Vivienda y Vicepresidente 3º
VII Legislatura;Tercer gobierno (PP) de 31.08.2009 a 22.06.2011;Maritina Hernández Miñana;Consellera de Agricultura, Pesca y Alimentación
VII Legislatura;Tercer gobierno (PP) de 31.08.2009 a 22.06.2011;Mario Flores Lanuza;Conseller de Infraestructuras y Transporte
VII Legislatura;Tercer gobierno (PP) de 31.08.2009 a 22.06.2011;Paula Sánchez de León;Consellera de Justicia y Administraciones Públicas
VII Legislatura;Tercer gobierno (PP) de 31.08.2009 a 22.06.2011;Serafín Castellano Gómez;Conseller de Gobernación
VII Legislatura;Tercer gobierno (PP) de 31.08.2009 a 22.06.2011;Alejandro Font de Mora Turón;Conseller de Educación
VII Legislatura;Tercer gobierno (PP) de 31.08.2009 a 22.06.2011;Angélica Such Ronda;Consellera de Bienestar Social
VII Legislatura;Tercer gobierno (PP) de 31.08.2009 a 22.06.2011;Trinidad María Miró Mira;Consellera de Cultura y Deporte
VII Legislatura;Tercer gobierno (PP) de 31.08.2009 a 22.06.2011;Rafael Blasco Castany;Conseller de Inmigración y Ciudadanía
VII Legislatura;Segundo gobierno (PP) de 19.09.2008 a 31.08.2009;Francisco Enrique Camps Ortiz;Presidente
VII Legislatura;Segundo gobierno (PP) de 19.09.2008 a 31.08.2009;Vicente Rambla Momplet;Conseller de Presidencia y Vicepresidente 1º
VII Legislatura;Segundo gobierno (PP) de 19.09.2008 a 31.08.2009;Belén Juste Picón;Consellera de Industria, Comercio e Innovación
VII Legislatura;Segundo gobierno (PP) de 19.09.2008 a 31.08.2009;Gerardo Camps Devesa;Conseller de Economía, Hacienda y Empleo y Vicepresidente 2º
VII Legislatura;Segundo gobierno (PP) de 19.09.2008 a 31.08.2009;Maritina Hernández Miñana;Consellera de Agricultura, Pesca y Alimentación
VII Legislatura;Segundo gobierno (PP) de 19.09.2008 a 31.08.2009;Juan Gabriel Cotino Ferrer;Conseller de Bienestar Social y Vicepresidente 3º
VII Legislatura;Segundo gobierno (PP) de 19.09.2008 a 31.08.2009;José Ramón García Antón;Conseller de Medio Ambiente, Agua, Urbanismo y Vivienda
VII Legislatura;Segundo gobierno (PP) de 19.09.2008 a 31.08.2009;Paula Sánchez de León;Consellera de Justicia y Administraciones Públicas
VII Legislatura;Segundo gobierno (PP) de 19.09.2008 a 31.08.2009;Mario Flores Lanuza;Conseller de Infraestructuras y Transporte
VII Legislatura;Segundo gobierno (PP) de 19.09.2008 a 31.08.2009;Serafín Castellano Gómez;Conseller de Gobernación
VII Legislatura;Segundo gobierno (PP) de 19.09.2008 a 31.08.2009;Alejandro Font de Mora Turón;Conseller de Educación
VII Legislatura;Segundo gobierno (PP) de 19.09.2008 a 31.08.2009;Angélica Such Ronda;Consellera de Turismo
VII Legislatura;Segundo gobierno (PP) de 19.09.2008 a 31.08.2009;Trinidad María Miró Mira;Consellera de Cultura y Deporte
VII Legislatura;Segundo gobierno (PP) de 19.09.2008 a 31.08.2009;Rafael Blasco Castany;Conseller de Inmigración y Ciudadanía
VII Legislatura;Segundo gobierno (PP) de 19.09.2008 a 31.08.2009;Manuel Cervera Taulet;Conseller de Sanidad
VII Legislatura;Primer gobierno (PP) de 29.06.2007 a 19.09.2008;Francisco Enrique Camps Ortiz;Presidente
VII Legislatura;Primer gobierno (PP) de 29.06.2007 a 19.09.2008;Vicente Rambla Momplet;Conseller de Presidencia y Vicepresidente 1º
VII Legislatura;Primer gobierno (PP) de 29.06.2007 a 19.09.2008;Belén Juste Picón;Consellera de Industria, Comercio e Innovación
VII Legislatura;Primer gobierno (PP) de 29.06.2007 a 19.09.2008;Gerardo Camps Devesa;Conseller de Economía, Hacienda y Empleo y Vicepresidente 2º
VII Legislatura;Primer gobierno (PP) de 29.06.2007 a 19.09.2008;Maritina Hernández Miñana;Consellera de Agricultura, Pesca y Alimentación
VII Legislatura;Primer gobierno (PP) de 29.06.2007 a 19.09.2008;Juan Gabriel Cotino Ferrer;Conseller de Bienestar Social y Vicepresidente 3º
VII Legislatura;Primer gobierno (PP) de 29.06.2007 a 19.09.2008;José Ramón García Antón;Conseller de Medio Ambiente, Agua, Urbanismo y Vivienda
VII Legislatura;Primer gobierno (PP) de 29.06.2007 a 19.09.2008;Mario Flores Lanuza;Conseller de Infraestructuras y Transporte
VII Legislatura;Primer gobierno (PP) de 29.06.2007 a 19.09.2008;Fernando de Rosa Torner;Consellera de Justicia y Administraciones Públicas
VII Legislatura;Primer gobierno (PP) de 29.06.2007 a 19.09.2008;Serafín Castellano Gómez;Conseller de Gobernación
VII Legislatura;Primer gobierno (PP) de 29.06.2007 a 19.09.2008;Alejandro Font de Mora Turón;Conseller de Educación
VII Legislatura;Primer gobierno (PP) de 29.06.2007 a 19.09.2008;Angélica Such Ronda;Consellera de Turismo
VII Legislatura;Primer gobierno (PP) de 29.06.2007 a 19.09.2008;Trinidad María Miró Mira;Consellera de Cultura y Deporte
VII Legislatura;Primer gobierno (PP) de 29.06.2007 a 19.09.2008;Rafael Blasco Castany;Conseller de Inmigración y Ciudadanía
VII Legislatura;Primer gobierno (PP) de 29.06.2007 a 19.09.2008;Manuel Cervera Taulet;Conseller de Sanidad
VIII Legislatura;Sexto gobierno (PP) desde 12.06.2014 al 26.06.2015;Alberto Fabra Part;Presidente
VIII Legislatura;Sexto gobierno (PP) desde 12.06.2014 al 26.06.2015;José Ciscar Bolufer;Vicepresidente y Portavoz del Consell (hasta 29/05/2014) y Conseller de Presidencia y
VIII Legislatura;Sexto gobierno (PP) desde 12.06.2014 al 26.06.2015;Manuel Llombart Fuertes;Conseller de Sanidad
VIII Legislatura;Sexto gobierno (PP) desde 12.06.2014 al 26.06.2015;Isabel Bonig Trigueros;Consellera de Infraestructuras, Territorio y Medio Ambiente
VIII Legislatura;Sexto gobierno (PP) desde 12.06.2014 al 26.06.2015;Máximo Buch Torralva;Conseller de Economía, Industria, Turismo y Empleo
VIII Legislatura;Sexto gobierno (PP) desde 12.06.2014 al 26.06.2015;Asunción Sánchez Zaplana;Consellera de Bienestar Social (hasta 12/06/2015)
VIII Legislatura;Sexto gobierno (PP) desde 12.06.2014 al 26.06.2015;Juan Carlos Moragues Ferrer;Conseller de Hacienda y Administración Pública
VIII Legislatura;Sexto gobierno (PP) desde 12.06.2014 al 26.06.2015;Luis Santamaría Ruiz;Conseller de Gobernación y Justicia
VIII Legislatura;Sexto gobierno (PP) desde 12.06.2014 al 26.06.2015;Mª José Català Verdet;Portavoz del Consell (desde 29/05/2014) y Consellera de Educación, Cultura y Deporte
VIII Legislatura;Quinto gobierno (PP) desde 7.12.2012 al 12.06.2014;Alberto Fabra Part;Presidente
VIII Legislatura;Quinto gobierno (PP) desde 7.12.2012 al 12.06.2014;José Ciscar Bolufer;Vicepresidente y Portavoz del Consell (hasta 29/05/2014) y Conseller de Presidencia y
VIII Legislatura;Quinto gobierno (PP) desde 7.12.2012 al 12.06.2014;Manuel Llombart Fuertes;Conseller de Sanidad
VIII Legislatura;Quinto gobierno (PP) desde 7.12.2012 al 12.06.2014;Isabel Bonig Trigueros;Consellera de Infraestructuras, Territorio y Medio Ambiente
VIII Legislatura;Quinto gobierno (PP) desde 7.12.2012 al 12.06.2014;Máximo Buch Torralva;Conseller de Economía, Industria, Turismo y Empleo
VIII Legislatura;Quinto gobierno (PP) desde 7.12.2012 al 12.06.2014;Asunción Sánchez Zaplana;Consellera de Bienestar Social (hasta 12/06/2015)
VIII Legislatura;Quinto gobierno (PP) desde 7.12.2012 al 12.06.2014;Juan Carlos Moragues Ferrer;Conseller de Hacienda y Administración Pública
VIII Legislatura;Quinto gobierno (PP) desde 7.12.2012 al 12.06.2014;Serafín Castellano Gómez;Conseller de Gobernación y Justicia
VIII Legislatura;Quinto gobierno (PP) desde 7.12.2012 al 12.06.2014;Mª José Català Verdet;Portavoz del Consell (desde 29/05/2014) y Consellera de Educación, Cultura y Deporte
VIII Legislatura;Cuarto gobierno (PP) de 20.01.2012 a 7.12.2012;Alberto Fabra Part;Presidente
VIII Legislatura;Cuarto gobierno (PP) de 20.01.2012 a 7.12.2012;José Ciscar Bolufer;Conseller de Presidencia y Vicepresidente y Portavoz del Consell
VIII Legislatura;Cuarto gobierno (PP) de 20.01.2012 a 7.12.2012;Isabel Bonig Trigueros;Consellera de Infraestructuras, Territorio y Medio Ambiente
VIII Legislatura;Cuarto gobierno (PP) de 20.01.2012 a 7.12.2012;Máximo Buch Torralva;Conseller de Economía, Industria y Comercio
VIII Legislatura;Cuarto gobierno (PP) de 20.01.2012 a 7.12.2012;Jorge Cabré Rico;Conseller de Justicia y Bienestar Social
VIII Legislatura;Cuarto gobierno (PP) de 20.01.2012 a 7.12.2012;José Manuel Vela Bargues;Conseller de Hacienda y Administración Pública. Cesa el 30/11/2012
VIII Legislatura;Cuarto gobierno (PP) de 20.01.2012 a 7.12.2012;Maritina Hernández Miñana;Consellera de Agricultura, Pesca, Alimentación y Agua
VIII Legislatura;Cuarto gobierno (PP) de 20.01.2012 a 7.12.2012;Dolores Johnson Sastre;Consellera de Turismo, Cultura, Deporte
VIII Legislatura;Cuarto gobierno (PP) de 20.01.2012 a 7.12.2012;Mª José Català Verdet;Consellera de Educación, Formación y Empleo
VIII Legislatura;Cuarto gobierno (PP) de 20.01.2012 a 7.12.2012;Serafín Castellano Gómez;Conseller de Gobernación
VIII Legislatura;Cuarto gobierno (PP) de 20.01.2012 a 7.12.2012;Luis Rosado Bretón;Conseller de Sanidad
VIII Legislatura;Tercer gobierno (PP) de 30.12.2011 a 20.01.2012;Alberto Fabra Part;Presidente
VIII Legislatura;Tercer gobierno (PP) de 30.12.2011 a 20.01.2012;José Ciscar Bolufer;Conseller de Presidencia y Vicepresidente y Portavoz del Consell
VIII Legislatura;Tercer gobierno (PP) de 30.12.2011 a 20.01.2012;Isabel Bonig Trigueros;Consellera de Infraestructuras, Territorio y Medio Ambiente
VIII Legislatura;Tercer gobierno (PP) de 30.12.2011 a 20.01.2012;Enrique Verdeguer Puig;Conseller de Economía, Industria y Comercio
VIII Legislatura;Tercer gobierno (PP) de 30.12.2011 a 20.01.2012;Jorge Cabré Rico;Conseller de Justicia y Bienestar Social
VIII Legislatura;Tercer gobierno (PP) de 30.12.2011 a 20.01.2012;José Manuel Vela Bargues;Conseller de Hacienda y Administración Pública
VIII Legislatura;Tercer gobierno (PP) de 30.12.2011 a 20.01.2012;Maritina Hernández Miñana;Consellera de Agricultura, Pesca, Alimentación y Agua
VIII Legislatura;Tercer gobierno (PP) de 30.12.2011 a 20.01.2012;Dolores Johnson Sastre;Consellera de Turismo, Cultura, Deporte
VIII Legislatura;Tercer gobierno (PP) de 30.12.2011 a 20.01.2012;Mª José Català Verdet;Consellera de Educación, Formación y Empleo
VIII Legislatura;Tercer gobierno (PP) de 30.12.2011 a 20.01.2012;Serafín Castellano Gómez;Conseller de Gobernación
VIII Legislatura;Tercer gobierno (PP) de 30.12.2011 a 20.01.2012;Luis Rosado Bretón;Conseller de Sanidad
VIII Legislatura;Segundo gobierno (PP) de 28.07.2011 a 30.12.2011;Alberto Fabra Part;Presidente
VIII Legislatura;Segundo gobierno (PP) de 28.07.2011 a 30.12.2011;Paula Sánchez de León Guardiola;Consellera de Presidencia y Vicepresidenta del Consell
VIII Legislatura;Segundo gobierno (PP) de 28.07.2011 a 30.12.2011;Isabel Bonig Trigueros;Consellera de Infraestructuras, Territorio y Medio Ambiente
VIII Legislatura;Segundo gobierno (PP) de 28.07.2011 a 30.12.2011;Enrique Verdeguer Puig;Conseller de Economía, Industria y Comercio
VIII Legislatura;Segundo gobierno (PP) de 28.07.2011 a 30.12.2011;Jorge Cabré Rico;Conseller de Justicia y Bienestar Social
VIII Legislatura;Segundo gobierno (PP) de 28.07.2011 a 30.12.2011;José Manuel Vela Bargues;Conseller de Hacienda y Administración Pública
VIII Legislatura;Segundo gobierno (PP) de 28.07.2011 a 30.12.2011;Maritina Hernández Miñana;Consellera de Agricultura, Pesca, Alimentación y Agua
VIII Legislatura;Segundo gobierno (PP) de 28.07.2011 a 30.12.2011;Dolores Johnson Sastre;Consellera de Turismo, Cultura, Deporte y Portavoz del Consell
VIII Legislatura;Segundo gobierno (PP) de 28.07.2011 a 30.12.2011;José Ciscar Bolufer;Consellera de Educación, Formación y Empleo
VIII Legislatura;Segundo gobierno (PP) de 28.07.2011 a 30.12.2011;Serafín Castellano Gómez;Conseller de Gobernación
VIII Legislatura;Segundo gobierno (PP) de 28.07.2011 a 30.12.2011;Luis Rosado Bretón;Conseller de Sanidad
VIII Legislatura;Primer gobierno (PP) de 22.06.2011 a 28.07.2011;Francisco Enrique Camps Ortiz;Presidente
VIII Legislatura;Primer gobierno (PP) de 22.06.2011 a 28.07.2011;Paula Sánchez de León Guardiola;Consellera de Presidencia y Vicepresidenta del Consell
VIII Legislatura;Primer gobierno (PP) de 22.06.2011 a 28.07.2011;Isabel Bonig Trigueros;Consellera de Infraestructuras, Territorio y Medio Ambiente
VIII Legislatura;Primer gobierno (PP) de 22.06.2011 a 28.07.2011;Enrique Verdeguer Puig;Conseller de Economía, Industria y Comercio
VIII Legislatura;Primer gobierno (PP) de 22.06.2011 a 28.07.2011;Jorge Cabré Rico;Conseller de Justicia y Bienestar Social
VIII Legislatura;Primer gobierno (PP) de 22.06.2011 a 28.07.2011;José Manuel Vela Bargues;Conseller de Hacienda y Administración Pública
VIII Legislatura;Primer gobierno (PP) de 22.06.2011 a 28.07.2011;Maritina Hernández Miñana;Consellera de Agricultura, Pesca, Alimentación y Agua
VIII Legislatura;Primer gobierno (PP) de 22.06.2011 a 28.07.2011;Dolores Johnson Sastre;Consellera de Turismo, Cultura, Deporte y Portavoz del Consell
VIII Legislatura;Primer gobierno (PP) de 22.06.2011 a 28.07.2011;José Ciscar Bolufer;Consellera de Educación, Formación y Empleo
VIII Legislatura;Primer gobierno (PP) de 22.06.2011 a 28.07.2011;Serafín Castellano Gómez;Conseller de Gobernación
VIII Legislatura;Primer gobierno (PP) de 22.06.2011 a 28.07.2011;Luis Rosado Bretón;Conseller de Sanidad
IX Legislatura;Segundo gobierno (PSOE+Compromís) de 08.06.2018 a 16.06.2019;Ximo Puig i Ferrer;Presidente
IX Legislatura;Segundo gobierno (PSOE+Compromís) de 08.06.2018 a 16.06.2019;Mónica Oltra Jarque;Vicepresidenta y Portavoz del Consell y Consellera de Igualdad y Políticas Inclusivas
IX Legislatura;Segundo gobierno (PSOE+Compromís) de 08.06.2018 a 16.06.2019;Rafael Climent González;Conseller de Economía Sostenible, Sectores Productivos, Comercio y Trabajo
IX Legislatura;Segundo gobierno (PSOE+Compromís) de 08.06.2018 a 16.06.2019;Vicent Soler i Marco;Conseller de Hacienda y Modelo Económico
IX Legislatura;Segundo gobierno (PSOE+Compromís) de 08.06.2018 a 16.06.2019;Elena Cebrián Calvo;Consellera de Agricultura, Medio Ambiente, Cambio Climático y Desarrollo Rural
IX Legislatura;Segundo gobierno (PSOE+Compromís) de 08.06.2018 a 16.06.2019;Gabriela Bravo Sanestanislao;Consellera de Justicia, Administración Pública, Reformas Democráticas y Libertades Públicas
IX Legislatura;Segundo gobierno (PSOE+Compromís) de 08.06.2018 a 16.06.2019;María José Salvador Rubert;Consellera de Vivienda, Obras Públicas y Vertebración del Territorio. Cesa el día 16/05/2019
IX Legislatura;Segundo gobierno (PSOE+Compromís) de 08.06.2018 a 16.06.2019;Vicent Marzà Ibáñez;Conseller de Educación, Investigación, Cultura y Deporte
IX Legislatura;Segundo gobierno (PSOE+Compromís) de 08.06.2018 a 16.06.2019;Manuel Alcaraz Ramos;Conseller de Transparencia, Responsabilidad Social, Participación y Cooperación
IX Legislatura;Segundo gobierno (PSOE+Compromís) de 08.06.2018 a 16.06.2019;Ana Barceló Chico;Consellera de Sanidad Universal y Salud Pública
IX Legislatura;Primer gobierno (PSOE+Compromís) de 29.06.2015 a 07.06.2018;Ximo Puig i Ferrer;Presidente
IX Legislatura;Primer gobierno (PSOE+Compromís) de 29.06.2015 a 07.06.2018;Mónica Oltra Jarque;Vicepresidenta y Portavoz del Consell y Consellera de Igualdad y Políticas Inclusivas
IX Legislatura;Primer gobierno (PSOE+Compromís) de 29.06.2015 a 07.06.2018;Rafael Climent González;Conseller de Economía Sostenible, Sectores Productivos, Comercio y Trabajo
IX Legislatura;Primer gobierno (PSOE+Compromís) de 29.06.2015 a 07.06.2018;Vicent Soler i Marco;Conseller de Hacienda y Modelo Económico
IX Legislatura;Primer gobierno (PSOE+Compromís) de 29.06.2015 a 07.06.2018;Elena Cebrián Calvo;Consellera de Agricultura, Medio Ambiente, Cambio Climático y Desarrollo Rural
IX Legislatura;Primer gobierno (PSOE+Compromís) de 29.06.2015 a 07.06.2018;Gabriela Bravo Sanestanislao;Consellera de Justicia, Administración Pública, Reformas Democráticas y Libertades Públicas
IX Legislatura;Primer gobierno (PSOE+Compromís) de 29.06.2015 a 07.06.2018;María José Salvador Rubert;Consellera de Vivienda, Obras Públicas y Vertebración del Territorio
IX Legislatura;Primer gobierno (PSOE+Compromís) de 29.06.2015 a 07.06.2018;Vicent Marzà Ibáñez;Conseller de Educación, Investigación, Cultura y Deporte
IX Legislatura;Primer gobierno (PSOE+Compromís) de 29.06.2015 a 07.06.2018;Manuel Alcaraz Ramos;Conseller de Transparencia, Responsabilidad Social, Participación y Cooperación
IX Legislatura;Primer gobierno (PSOE+Compromís) de 29.06.2015 a 07.06.2018;Carmen Montón Giménez;Consellera de Sanidad Universal y Salud Pública
X Legislatura;Quinto gobierno (PSOE+Compromís+Unides Podem-EU) de 26.10.2022 a 16.07.2023;Ximo Puig i Ferrer;Presidente
X Legislatura;Quinto gobierno (PSOE+Compromís+Unides Podem-EU) de 26.10.2022 a 16.07.2023;Aitana Joana Mas i Mas;Vicepresidenta y Portavoz del Consell y consellera de Igualdad y Políticas Inclusiva
X Legislatura;Quinto gobierno (PSOE+Compromís+Unides Podem-EU) de 26.10.2022 a 16.07.2023;Héctor Illueca Ballester;Vicepresidente segundo del Consell y conseller de Vivienda y Arquitectura Bioclimática
X Legislatura;Quinto gobierno (PSOE+Compromís+Unides Podem-EU) de 26.10.2022 a 16.07.2023;Arcadi España García;Conseller de Hacienda y Modelo Económico
X Legislatura;Quinto gobierno (PSOE+Compromís+Unides Podem-EU) de 26.10.2022 a 16.07.2023;Gabriela Bravo Sanestanislao;Consellera de Justicia, Interior y Administración Pública (cese 07.07.2023)
X Legislatura;Quinto gobierno (PSOE+Compromís+Unides Podem-EU) de 26.10.2022 a 16.07.2023;Raquel Tamarit Iranzo;Conseller de Educación, Cultura y Deporte
X Legislatura;Quinto gobierno (PSOE+Compromís+Unides Podem-EU) de 26.10.2022 a 16.07.2023;Miguel Mínguez Pérez;Conseller de Sanidad Universal y Salud Pública
X Legislatura;Quinto gobierno (PSOE+Compromís+Unides Podem-EU) de 26.10.2022 a 16.07.2023;Rafael Climent González;Conseller de Economia Sostenible, Sectores Productivos, Comercio y Trabajo
X Legislatura;Quinto gobierno (PSOE+Compromís+Unides Podem-EU) de 26.10.2022 a 16.07.2023;Isaura Navarro Casillas;Consellera de Agricultura, Desarrollo Rural, Emergéncia Climática y Transición Ecológica
X Legislatura;Quinto gobierno (PSOE+Compromís+Unides Podem-EU) de 26.10.2022 a 16.07.2023;Rebeca Mariola Torró Soler;Consellera de Política Territorial, Obras Públicas y Movilidad
X Legislatura;Quinto gobierno (PSOE+Compromís+Unides Podem-EU) de 26.10.2022 a 16.07.2023;Josefina Antonia Bueno Alonso;Consellera de Innovación, Universidades, Ciencia y Sociedad Digital
X Legislatura;Quinto gobierno (PSOE+Compromís+Unides Podem-EU) de 26.10.2022 a 16.07.2023;Rosa Pérez Garijo;Consellera de Participación, Transparencia, Cooperación y Calidad Democrática
X Legislatura;Cuarto gobierno (PSOE+Compromís+Unides Podem-EU) de 29.06.2022-26.10.2022;Ximo Puig i Ferrer;Presidente
X Legislatura;Cuarto gobierno (PSOE+Compromís+Unides Podem-EU) de 29.06.2022-26.10.2022;Aitana Joana Mas i Mas;Vicepresidenta y Portavoz del Consell y consellera de Igualdad y Políticas Inclusiva
X Legislatura;Cuarto gobierno (PSOE+Compromís+Unides Podem-EU) de 29.06.2022-26.10.2022;Héctor Illueca Ballester;Vicepresidente segundo del Consell y conseller de Vivienda y Arquitectura Bioclimática
X Legislatura;Cuarto gobierno (PSOE+Compromís+Unides Podem-EU) de 29.06.2022-26.10.2022;Arcadi España García;Conseller de Hacienda y Modelo Económico
X Legislatura;Cuarto gobierno (PSOE+Compromís+Unides Podem-EU) de 29.06.2022-26.10.2022;Gabriela Bravo Sanestanislao;Consellera de Justicia, Interior y Administración Pública
X Legislatura;Cuarto gobierno (PSOE+Compromís+Unides Podem-EU) de 29.06.2022-26.10.2022;Raquel Tamarit Iranzo;Conseller de Educación, Cultura y Deporte
X Legislatura;Cuarto gobierno (PSOE+Compromís+Unides Podem-EU) de 29.06.2022-26.10.2022;Miguel Mínguez Pérez;Conseller de Sanidad Universal y Salud Pública
X Legislatura;Cuarto gobierno (PSOE+Compromís+Unides Podem-EU) de 29.06.2022-26.10.2022;Rafael Climent González;Conseller de Economia Sostenible, Sectores Productivos, Comercio y Trabajo
X Legislatura;Cuarto gobierno (PSOE+Compromís+Unides Podem-EU) de 29.06.2022-26.10.2022;Mireia Mollà Herrera;Consellera de Agricultura, Desarrollo Rural, Emergéncia Climática y Transición Ecológica
X Legislatura;Cuarto gobierno (PSOE+Compromís+Unides Podem-EU) de 29.06.2022-26.10.2022;Rebeca Mariola Torró Soler;Consellera de Política Territorial, Obras Públicas y Movilidad
X Legislatura;Cuarto gobierno (PSOE+Compromís+Unides Podem-EU) de 29.06.2022-26.10.2022;Josefina Antonia Bueno Alonso;Consellera de Innovación, Universidades, Ciencia y Sociedad Digital
X Legislatura;Cuarto gobierno (PSOE+Compromís+Unides Podem-EU) de 29.06.2022-26.10.2022;Rosa Pérez Garijo;Consellera de Participación, Transparencia, Cooperación y Calidad Democrática
X Legislatura;Tercer gobierno (PSOE+Compromís+Unides Podem-EU) de 14.05.2022-29.06.2022;Ximo Puig i Ferrer;Presidente
X Legislatura;Tercer gobierno (PSOE+Compromís+Unides Podem-EU) de 14.05.2022-29.06.2022;Mónica Oltra Jarque;Vicepresidenta y Portavoz del Consell y consellera de Igualdad y Políticas Inclusiva
X Legislatura;Tercer gobierno (PSOE+Compromís+Unides Podem-EU) de 14.05.2022-29.06.2022;Héctor Illueca Ballester;Vicepresidente segundo del Consell y conseller de Vivienda y Arquitectura Bioclimática
X Legislatura;Tercer gobierno (PSOE+Compromís+Unides Podem-EU) de 14.05.2022-29.06.2022;Arcadi España García;Conseller de Hacienda y Modelo Económico
X Legislatura;Tercer gobierno (PSOE+Compromís+Unides Podem-EU) de 14.05.2022-29.06.2022;Gabriela Bravo Sanestanislao;Consellera de Justicia, Interior y Administración Pública
X Legislatura;Tercer gobierno (PSOE+Compromís+Unides Podem-EU) de 14.05.2022-29.06.2022;Raquel Tamarit Iranzo;Conseller de Educación, Cultura y Deporte
X Legislatura;Tercer gobierno (PSOE+Compromís+Unides Podem-EU) de 14.05.2022-29.06.2022;Miguel Mínguez Pérez;Conseller de Sanidad Universal y Salud Pública
X Legislatura;Tercer gobierno (PSOE+Compromís+Unides Podem-EU) de 14.05.2022-29.06.2022;Rafael Climent González;Conseller de Economia Sostenible, Sectores Productivos, Comercio y Trabajo
X Legislatura;Tercer gobierno (PSOE+Compromís+Unides Podem-EU) de 14.05.2022-29.06.2022;Mireia Mollà Herrera;Consellera de Agricultura, Desarrollo Rural, Emergéncia Climática y Transición Ecológica
X Legislatura;Tercer gobierno (PSOE+Compromís+Unides Podem-EU) de 14.05.2022-29.06.2022;Rebeca Mariola Torró Soler;Consellera de Política Territorial, Obras Públicas y Movilidad
X Legislatura;Tercer gobierno (PSOE+Compromís+Unides Podem-EU) de 14.05.2022-29.06.2022;Josefina Antonia Bueno Alonso;Consellera de Innovación, Universidades, Ciencia y Sociedad Digital
X Legislatura;Tercer gobierno (PSOE+Compromís+Unides Podem-EU) de 14.05.2022-29.06.2022;Rosa Pérez Garijo;Consellera de Participación, Transparencia, Cooperación y Calidad Democrática
X Legislatura;Segundo gobierno (PSOE+Compromís+Unides Podem-EU) de 10.09.2021-14.05.2022;Ximo Puig i Ferrer;Presidente
X Legislatura;Segundo gobierno (PSOE+Compromís+Unides Podem-EU) de 10.09.2021-14.05.2022;Mónica Oltra Jarque;Vicepresidenta y Portavoz del Consell y consellera de Igualdad y Políticas Inclusiva
X Legislatura;Segundo gobierno (PSOE+Compromís+Unides Podem-EU) de 10.09.2021-14.05.2022;Héctor Illueca Ballester;Vicepresidente segundo del Consell y conseller de Vivienda y Arquitectura Bioclimática
X Legislatura;Segundo gobierno (PSOE+Compromís+Unides Podem-EU) de 10.09.2021-14.05.2022;Vicent Soler i Marco;Conseller de Hacienda y Modelo Económico
X Legislatura;Segundo gobierno (PSOE+Compromís+Unides Podem-EU) de 10.09.2021-14.05.2022;Gabriela Bravo Sanestanislao;Consellera de Justicia, Interior y Administración Pública
X Legislatura;Segundo gobierno (PSOE+Compromís+Unides Podem-EU) de 10.09.2021-14.05.2022;Vicent Marzà Ibáñez;Conseller de Educación, Cultura y Deporte
X Legislatura;Segundo gobierno (PSOE+Compromís+Unides Podem-EU) de 10.09.2021-14.05.2022;Ana Barceló Chico;Consellera de Sanidad Universal y Salud Pública
X Legislatura;Segundo gobierno (PSOE+Compromís+Unides Podem-EU) de 10.09.2021-14.05.2022;Rafael Climent González;Conseller de Economia Sostenible, Sectores Productivos, Comercio y Trabajo
X Legislatura;Segundo gobierno (PSOE+Compromís+Unides Podem-EU) de 10.09.2021-14.05.2022;Mireia Mollà Herrera;Consellera de Agricultura, Desarrollo Rural, Emergéncia Climática y Transición Ecológica
X Legislatura;Segundo gobierno (PSOE+Compromís+Unides Podem-EU) de 10.09.2021-14.05.2022;Arcadi España García;Conseller de Política Territorial, Obras Públicas y Movilidad
X Legislatura;Segundo gobierno (PSOE+Compromís+Unides Podem-EU) de 10.09.2021-14.05.2022;Carolina Pascual Villalobos;Consellera de Innovación, Universidades, Ciencia y Sociedad Digital
X Legislatura;Segundo gobierno (PSOE+Compromís+Unides Podem-EU) de 10.09.2021-14.05.2022;Rosa Pérez Garijo;Consellera de Participación, Transparencia, Cooperación y Calidad Democrática
X Legislatura;Primer gobierno (PSOE+Compromís+Unides Podem-EU) de 17.06.2019 a 10.09.2021;Ximo Puig i Ferrer;Presidente
X Legislatura;Primer gobierno (PSOE+Compromís+Unides Podem-EU) de 17.06.2019 a 10.09.2021;Mónica Oltra Jarque;Vicepresidenta y Portavoz del Consell y consellera de Igualdad y Políticas Inclusiva
X Legislatura;Primer gobierno (PSOE+Compromís+Unides Podem-EU) de 17.06.2019 a 10.09.2021;Rubén Martínez Dalmau;Vicepresidente segundo del Consell y conseller de Vivienda y Arquitectura Bioclimática
X Legislatura;Primer gobierno (PSOE+Compromís+Unides Podem-EU) de 17.06.2019 a 10.09.2021;Vicent Soler i Marco;Conseller de Hacienda y Modelo Económico
X Legislatura;Primer gobierno (PSOE+Compromís+Unides Podem-EU) de 17.06.2019 a 10.09.2021;Gabriela Bravo Sanestanislao;Consellera de Justicia, Interior y Administración Pública
X Legislatura;Primer gobierno (PSOE+Compromís+Unides Podem-EU) de 17.06.2019 a 10.09.2021;Vicent Marzà Ibáñez;Conseller de Educación, Cultura y Deporte
X Legislatura;Primer gobierno (PSOE+Compromís+Unides Podem-EU) de 17.06.2019 a 10.09.2021;Ana Barceló Chico;Consellera de Sanidad Universal y Salud Pública
X Legislatura;Primer gobierno (PSOE+Compromís+Unides Podem-EU) de 17.06.2019 a 10.09.2021;Rafael Climent González;Conseller de Economia Sostenible, Sectores Productivos, Comercio y Trabajo
X Legislatura;Primer gobierno (PSOE+Compromís+Unides Podem-EU) de 17.06.2019 a 10.09.2021;Mireia Mollà Herrera;Consellera de Agricultura, Desarrollo Rural, Emergéncia Climética y Transición Ecológica
X Legislatura;Primer gobierno (PSOE+Compromís+Unides Podem-EU) de 17.06.2019 a 10.09.2021;Arcadi España García;Conseller de Política Territorial, Obras Públicas y Movilidad
X Legislatura;Primer gobierno (PSOE+Compromís+Unides Podem-EU) de 17.06.2019 a 10.09.2021;Carolina Pascual Villalobos;Consellera de Innovación, Universidades, Ciencia y Sociedad Digital
X Legislatura;Primer gobierno (PSOE+Compromís+Unides Podem-EU) de 17.06.2019 a 10.09.2021;Rosa Pérez Garijo;Consellera de Participación, Transparencia, Cooperación y Calidad Democrática
XI Legislatura;Tercer gobierno (PP) de 23.11.2024;Carlos Mazón Guixot;President
XI Legislatura;Tercer gobierno (PP) de 23.11.2024;Susana Camarero Benítez;Vicepresidenta primera i consellera de Servicios Sociales, Igualdad y Vivienda
XI Legislatura;Tercer gobierno (PP) de 23.11.2024;Francisco José Gan Pampols;Vicepresidente segundo y conseller para la Recuperación Económica y Social de la Comunitat Valenciana
XI Legislatura;Tercer gobierno (PP) de 23.11.2024;Ruth Merino Peña;Consellera de Hacienda y Economía
XI Legislatura;Tercer gobierno (PP) de 23.11.2024;Marciano Gómez Gómez;Conseller de Sanidad
XI Legislatura;Tercer gobierno (PP) de 23.11.2024;Nuria Martínez Sanchis;Conseller de Justicia y Administración Pública
XI Legislatura;Tercer gobierno (PP) de 23.11.2024;Juan Carlos Valderrama Zurián;Conseller de Emergencias e Interior
XI Legislatura;Tercer gobierno (PP) de 23.11.2024;José Antonio Rovira Jover;Conseller de Educación, Cultura, Universidades y Empleo
XI Legislatura;Tercer gobierno (PP) de 23.11.2024;Miguel Barrachina Ros;Conseller de Agricultura, Agua, Ganadería, y Pesca
XI Legislatura;Tercer gobierno (PP) de 23.11.2024;Vicente Martínez Mus;Conseller de Medio Ambiente, Infraestructuras y Territorio
XI Legislatura;Tercer gobierno (PP) de 23.11.2024;María Ángela Cano García;Consellera de Innovación, Industria, Comercio y Turismo
XI Legislatura;Segundo gobierno (PP) de 12.07.2024 - 22.11.2024;Carlos Mazón Guixot;Presidente
XI Legislatura;Segundo gobierno (PP) de 12.07.2024 - 22.11.2024;Susana Camarero Benítez;Vicepresidenta  y consellera de Servicios Sociales, Igualdad y Vivienda
XI Legislatura;Segundo gobierno (PP) de 12.07.2024 - 22.11.2024;Ruth Merino Peña;Consellera de Hacienda, Economía y Administración Pública
XI Legislatura;Segundo gobierno (PP) de 12.07.2024 - 22.11.2024;Salomé Pradas Ten;Consellera de Justicia e Interior
XI Legislatura;Segundo gobierno (PP) de 12.07.2024 - 22.11.2024;Marciano Gómez Gómez;Conseller de Sanidad
XI Legislatura;Segundo gobierno (PP) de 12.07.2024 - 22.11.2024;Jose Antonio Rovira Jover;Conseller de Educación, Cultura, Universidades y Empleo
XI Legislatura;Segundo gobierno (PP) de 12.07.2024 - 22.11.2024;Miguel Barrachina Ros;Conseller de Agricultura, Agua, Ganadería y Pesca
XI Legislatura;Segundo gobierno (PP) de 12.07.2024 - 22.11.2024;Vicente Martínez Mus;Consellera de Medio Ambiente, Infraestructuras y Territorio
XI Legislatura;Segundo gobierno (PP) de 12.07.2024 - 22.11.2024;Nuria Montes de Diego;Consellera de Innovación, Industria, Comercio y Turismo
XI Legislatura;Primer gobierno (PP+VOX) de 17.07.2023 - 11.07.2024;Carlos Mazón Guixot;Presidente
XI Legislatura;Primer gobierno (PP+VOX) de 17.07.2023 - 11.07.2024;Vicente José Barrera Simó;Vicepresidente primero y conseller de Cultura y Deporte
XI Legislatura;Primer gobierno (PP+VOX) de 17.07.2023 - 11.07.2024;Susana Camarero Benítez;Vicepresidenta segunda y consellera de Servicios Sociales, Igualdad y Vivienda
XI Legislatura;Primer gobierno (PP+VOX) de 17.07.2023 - 11.07.2024;Ruth Merino Peña;Consellera de Hacienda, Economía y Administración Pública
XI Legislatura;Primer gobierno (PP+VOX) de 17.07.2023 - 11.07.2024;Elisa María Núñez Sánchez;Consellera de Justicia e Interior
XI Legislatura;Primer gobierno (PP+VOX) de 17.07.2023 - 11.07.2024;Marciano Gómez Gómez;Conseller de Sanidad
XI Legislatura;Primer gobierno (PP+VOX) de 17.07.2023 - 11.07.2024;Jose Antonio Rovira Jover;Conseller de Educación, Universidades y Empleo
XI Legislatura;Primer gobierno (PP+VOX) de 17.07.2023 - 11.07.2024;Jose Luis Aguirre Larrauri;Conseller de Agricultura, Ganadería y Pesca
XI Legislatura;Primer gobierno (PP+VOX) de 17.07.2023 - 11.07.2024;Salomé Pradas Ten;Consellera de Medio Ambiente, Agua, Infraestructuras y Territorio
XI Legislatura;Primer gobierno (PP+VOX) de 17.07.2023 - 11.07.2024;Nuria Montes de Diego;Consellera de Innovación, Industria, Comercio y Turismo
