diputado;partido;provincia;n_legislatura
Antonio García Miralles;PSPV-PSOE(51 diputados);Alicante;I
Alberto Javier Pérez Ferre;PSPV-PSOE(51 diputados);Alicante;I
Ángel Luna González;PSPV-PSOE(51 diputados);Alicante;I
Emilio Soler Pascual;PSPV-PSOE(51 diputados);Alicante;I
Francisco Rodríguez Valderrama;PSPV-PSOE(51 diputados);Alicante;I
Juan Bautista Pastor Marco;PSPV-PSOE(51 diputados);Alicante;I
María Dolores Marcos González;PSPV-PSOE(51 diputados);Alicante;I
Manuel Adriano Arabid Cantos;PSPV-PSOE(51 diputados);Alicante;I
Enrique Louis Rampa;PSPV-PSOE(51 diputados);Alicante;I
José Asensi Sabater;PSPV-PSOE(51 diputados);Alicante;I
Hermenegildo Rodríguez Pérez;PSPV-PSOE(51 diputados);Alicante;I
Miguel Antonio Millana Sansaturio;PSPV-PSOE(51 diputados);Alicante;I
Luis Gabriel Torregrosa Mira;PSPV-PSOE(51 diputados);Alicante;I
Ramón Berenguer Prieto;PSPV-PSOE(51 diputados);Alicante;I
Joaquín Fuster Pérez;PSPV-PSOE(51 diputados);Alicante;I
Emilio José Álvarez Landete;PSPV-PSOE(51 diputados);Alicante;I
José Luis Gomis Gavilán;PSPV-PSOE(51 diputados);Alicante;I
Felipe Guardiola Sellés;PSPV-PSOE(51 diputados);Castellón;I
Ernesto Fenollosa Ten;PSPV-PSOE(51 diputados);Castellón;I
Juan Callao Capdevila;PSPV-PSOE(51 diputados);Castellón;I
Miguel López Muñoz;PSPV-PSOE(51 diputados);Castellón;I
Félix Rodríguez Velasco;PSPV-PSOE(51 diputados);Castellón;I
Alfredo Roé Justiniano;PSPV-PSOE(51 diputados);Castellón;I
Agapito Martínez Ansuátegui;PSPV-PSOE(51 diputados);Castellón;I
Joaquín Nebot Monzonís;PSPV-PSOE(51 diputados);Castellón;I
Joaquim Francesc Puig Ferrer;PSPV-PSOE(51 diputados);Castellón;I
José Rubio Segarra;PSPV-PSOE(51 diputados);Castellón;I
Ricardo Núñez Martín;PSPV-PSOE(51 diputados);Castellón;I
Gonzalo Centelles Nebot;PSPV-PSOE(51 diputados);Castellón;I
Jaime López Granell;PSPV-PSOE(51 diputados);Castellón;I
Juan Sanchordi Pitarch;PSPV-PSOE(51 diputados);Castellón;I
Joan Lerma Blasco;PSPV-PSOE(51 diputados);Valencia;I
Cipriano Jesús Ciscar Casabán;PSPV-PSOE(51 diputados);Valencia;I
Segundo Bru Parra;PSPV-PSOE(51 diputados);Valencia;I
Leandro Picher Buenaventura;PSPV-PSOE(51 diputados);Valencia;I
María Antonia de Armengol Criado;PSPV-PSOE(51 diputados);Valencia;I
Antonio Cebrián Ferrer;PSPV-PSOE(51 diputados);Valencia;I
Rafael Blasco Castany;PSPV-PSOE(51 diputados);Valencia;I
Luis Font de Mora Montesinos;PSPV-PSOE(51 diputados);Valencia;I
Fernando Vidal Gil;PSPV-PSOE(51 diputados);Valencia;I
Josefa Frau Ribes;PSPV-PSOE(51 diputados);Valencia;I
Vicent Enric Soler Marco;PSPV-PSOE(51 diputados);Valencia;I
Víctor Fuentes Prósper;PSPV-PSOE(51 diputados);Valencia;I
Juan Andrés Perelló Rodríguez;PSPV-PSOE(51 diputados);Valencia;I
Rafael Recuenco Montero;PSPV-PSOE(51 diputados);Valencia;I
José León Bonacho;PSPV-PSOE(51 diputados);Valencia;I
Joan Calabuig Rull;PSPV-PSOE(51 diputados);Valencia;I
Luis Peiró Roselló;PSPV-PSOE(51 diputados);Valencia;I
José Francisco Peris Almiñana;PSPV-PSOE(51 diputados);Valencia;I
Antonio Salazar Cifre;PSPV-PSOE(51 diputados);Valencia;I
Julio Millet España;PSPV-PSOE(51 diputados);Valencia;I
José Cholbi Diego;AP-PDP-ULUV(32 diputados);Alicante;I
Joaquín Galant Ruiz;AP-PDP-ULUV(32 diputados);Alicante;I
Antonio Martínez Serrano;AP-PDP-ULUV(32 diputados);Alicante;I
Rafael Maluenda Verdú;AP-PDP-ULUV(32 diputados);Alicante;I
Antonio García Agredas;AP-PDP-ULUV(32 diputados);Alicante;I
Antonio Alonso Gutiérrez;AP-PDP-ULUV(32 diputados);Alicante;I
Enrique Ferré Sampere;AP-PDP-ULUV(32 diputados);Alicante;I
Vicente Pérez Devesa;AP-PDP-ULUV(32 diputados);Alicante;I
Joaquín Santo Matas;AP-PDP-ULUV(32 diputados);Alicante;I
Joaquín Vidal Negre;AP-PDP-ULUV(32 diputados);Alicante;I
José Tovar Vicente;AP-PDP-ULUV(32 diputados);Castellón;I
Joaquín Farnós Gauchía;AP-PDP-ULUV(32 diputados);Castellón;I
Daniel Ansuátegui Ramo;AP-PDP-ULUV(32 diputados);Castellón;I
José Antonio Bandrés Salvador;AP-PDP-ULUV(32 diputados);Castellón;I
José Murria Arnau;AP-PDP-ULUV(32 diputados);Castellón;I
Salvador Llácer Baixaulí;AP-PDP-ULUV(32 diputados);Castellón;I
Francisco Martínez Clausich;AP-PDP-ULUV(32 diputados);Castellón;I
Vicente Navarro Viciedo;AP-PDP-ULUV(32 diputados);Castellón;I
José Vives Borrás;AP-PDP-ULUV(32 diputados);Castellón;I
José Jaime Fernández Campello;AP-PDP-ULUV(32 diputados);Castellón;I
Manuel Giner Miralles;AP-PDP-ULUV(32 diputados);Valencia;I
José Rafael García-Fuster y González Alegre;AP-PDP-ULUV(32 diputados);Valencia;I
Xavier Casp Vercher;AP-PDP-ULUV(32 diputados);Valencia;I
María Rita Barberá Nolla;AP-PDP-ULUV(32 diputados);Valencia;I
Carlos Albelda Climent;AP-PDP-ULUV(32 diputados);Valencia;I
Fernando José Martínez Roda;AP-PDP-ULUV(32 diputados);Valencia;I
José María de Andrés Ferrando;AP-PDP-ULUV(32 diputados);Valencia;I
María José Sansegundo Fortea;AP-PDP-ULUV(32 diputados);Valencia;I
Salvador Sanchis Perales;AP-PDP-ULUV(32 diputados);Valencia;I
Manuel Campillo Martínez;AP-PDP-ULUV(32 diputados);Valencia;I
Juan Marco Molines;AP-PDP-ULUV(32 diputados);Valencia;I
Joaquín Martín Mínguez;AP-PDP-ULUV(32 diputados);Valencia;I
Alfredo Alfonso Botella Vicent;PCE-PCPV(6 diputados);Alicante;I
Manuel Martínez Lledó;PCE-PCPV(6 diputados);Alicante;I
Vicente Zaragozá Messeguer;PCE-PCPV(6 diputados);Castellón;I
José Galán Peláez;PCE-PCPV(6 diputados);Valencia;I
Vicente Gómez Chirivella;PCE-PCPV(6 diputados);Valencia;I
Antonio Palomares Vinuesa;PCE-PCPV(6 diputados);Valencia;I
Antonio García Miralles;PSPV-PSOE(42 diputados);Alicante;II
Alberto Pérez Ferré;PSPV-PSOE(42 diputados);Alicante;II
Emilio Soler Pascual;PSPV-PSOE(42 diputados);Alicante;II
José Asensi Sabater;PSPV-PSOE(42 diputados);Alicante;II
María Dolores Marcos González;PSPV-PSOE(42 diputados);Alicante;II
Miguel Antonio Millana Sansaturio;PSPV-PSOE(42 diputados);Alicante;II
Juan Bautista Pastor Marco;PSPV-PSOE(42 diputados);Alicante;II
Martín Sevilla Jiménez;PSPV-PSOE(42 diputados);Alicante;II
Hermenegildo Rodríguez Pérez;PSPV-PSOE(42 diputados);Alicante;II
Enrique Louis Rampa;PSPV-PSOE(42 diputados);Alicante;II
Luis Gabriel Torregrosa Mira;PSPV-PSOE(42 diputados);Alicante;II
Antonio Pérez Olcina;PSPV-PSOE(42 diputados);Alicante;II
Ramón Berenguer Prieto;PSPV-PSOE(42 diputados);Alicante;II
José Luis Gomis Gavilán;PSPV-PSOE(42 diputados);Alicante;II
Felipe Guardiola Sellés;PSPV-PSOE(42 diputados);Castellón;II
Ernesto Fenollosa Ten;PSPV-PSOE(42 diputados);Castellón;II
Juan Callao Capdevila;PSPV-PSOE(42 diputados);Castellón;II
Félix Rodríguez Velasco;PSPV-PSOE(42 diputados);Castellón;II
Ernesto Nabás Orenga;PSPV-PSOE(42 diputados);Castellón;II
Alfredo Roé Justiniano;PSPV-PSOE(42 diputados);Castellón;II
Rosa María Morte Julián;PSPV-PSOE(42 diputados);Castellón;II
León Bravo Escoi;PSPV-PSOE(42 diputados);Castellón;II
Joaquín Nebot Monzonís;PSPV-PSOE(42 diputados);Castellón;II
Avelino Roca Albert;PSPV-PSOE(42 diputados);Castellón;II
Artemi Vicent Rallo Lombarte;PSPV-PSOE(42 diputados);Castellón;II
Joan Lerma Blasco;PSPV-PSOE(42 diputados);Valencia;II
Cipriano Ciscar Casabán;PSPV-PSOE(42 diputados);Valencia;II
Rafael Blasco Castany;PSPV-PSOE(42 diputados);Valencia;II
Vicent Enric Soler Marco;PSPV-PSOE(42 diputados);Valencia;II
Luis Font de Mora Montesinos;PSPV-PSOE(42 diputados);Valencia;II
Antonio Birlanga Casanova;PSPV-PSOE(42 diputados);Valencia;II
Segundo Bru Parra;PSPV-PSOE(42 diputados);Valencia;II
Rafael Recuenco Montero;PSPV-PSOE(42 diputados);Valencia;II
María Antonia de Armengol Criado;PSPV-PSOE(42 diputados);Valencia;II
Antonio Castro Leache;PSPV-PSOE(42 diputados);Valencia;II
José Garés Crespo;PSPV-PSOE(42 diputados);Valencia;II
Víctor Fuentes Prósper;PSPV-PSOE(42 diputados);Valencia;II
Julio Millet España;PSPV-PSOE(42 diputados);Valencia;II
Vicente Miguel Garcés Ramón;PSPV-PSOE(42 diputados);Valencia;II
Leandro Picher Buenaventura;PSPV-PSOE(42 diputados);Valencia;II
Joan Calabuig Rull;PSPV-PSOE(42 diputados);Valencia;II
Antonio Cebrián Ferrer;PSPV-PSOE(42 diputados);Valencia;II
Rafael Maluenda Verdú;FAP(25 diputados);Alicante;II
Carlos Rafael Alcalde Agesta;FAP(25 diputados);Alicante;II
Joaquín Santo Matas;FAP(25 diputados);Alicante;II
Manuel Lorente Belmonte;FAP(25 diputados);Alicante;II
Guillermo Sirvent Sirvent;FAP(25 diputados);Alicante;II
Enrique Ferrer Sampere;FAP(25 diputados);Alicante;II
Jaime Botella Mayor;FAP(25 diputados);Alicante;II
Francisco Magro Espí;FAP(25 diputados);Alicante;II
Juan Salvador Gaya Sastre;FAP(25 diputados);Alicante;II
Francisco Martínez Clausich;FAP(25 diputados);Castellón;II
Daniel Ansuátegui Ramo;FAP(25 diputados);Castellón;II
Enrique Eduardo Gómez Guarner;FAP(25 diputados);Castellón;II
Joaquín Farnós Gauchía;FAP(25 diputados);Castellón;II
Vicent Marco Moreno;FAP(25 diputados);Castellón;II
José Antonio Boix González;FAP(25 diputados);Castellón;II
José Vives Borrás;FAP(25 diputados);Castellón;II
Francisco Javier Perelló Oliver;FAP(25 diputados);Castellón;II
María Rita Barberá Nolla;FAP(25 diputados);Valencia;II
Manuel Giner Miralles;FAP(25 diputados);Valencia;II
José Rafael García-Fuster y González Alegre;FAP(25 diputados);Valencia;II
Jorge Lamparero Lázaro;FAP(25 diputados);Valencia;II
Rafael Sanchis Perales;FAP(25 diputados);Valencia;II
Fernando José Martínez Roda;FAP(25 diputados);Valencia;II
Carlos Albelda Climent;FAP(25 diputados);Valencia;II
Enrique López Salva;FAP(25 diputados);Valencia;II
Gerardo Muñoz Lorente;CDS(10 diputados);Alicante;II
Manuel Benabent Fuentes;CDS(10 diputados);Alicante;II
José Ramón Navarro Nicolau;CDS(10 diputados);Alicante;II
Salvador Ruso Pacheco;CDS(10 diputados);Alicante;II
Pedro Enrique Gozalbo Herrero;CDS(10 diputados);Castellón;II
Vicente Bueso Aragonés;CDS(10 diputados);Castellón;II
Carlos Laguna Asensi;CDS(10 diputados);Castellón;II
José Luis Boado Martínez;CDS(10 diputados);Valencia;II
Luis Gil-Orozco Roda;CDS(10 diputados);Valencia;II
Luis Ricardo Baquero Valdelomar;CDS(10 diputados);Valencia;II
Filiberto Crespo Samper;Unión Valenciana(6 diputados);Valencia;II
Manuel Campillos Martínez;Unión Valenciana(6 diputados);Valencia;II
Vicente Blasco-Ibáñez Tortosa;Unión Valenciana(6 diputados);Valencia;II
Héctor Villalba Chirivella;Unión Valenciana(6 diputados);Valencia;II
Maria Àngels Ramón-Llin Martínez;Unión Valenciana(6 diputados);Valencia;II
Miquel Ramón Quiles;Unión Valenciana(6 diputados);Valencia;II
Alfredo Alfonso Botella Vicent;EU-UPV(6 diputados);Alicante;II
Pasqual Mollà Martínez;EU-UPV(6 diputados);Alicante;II
Aureli Ferrando Muria;EU-UPV(6 diputados);Castellón;II
Albert Taberner Ferrer;EU-UPV(6 diputados);Valencia;II
Juan Pedro Zamora Suárez;EU-UPV(6 diputados);Valencia;II
Pere Miquel Mayor Penadés;EU-UPV(6 diputados);Valencia;II
Antonio García Miralles;PSPV-PSOE(45 diputados);Alicante;III
Emilio Soler Pascual;PSPV-PSOE(45 diputados);Alicante;III
Antonio Escarré Esteve;PSPV-PSOE(45 diputados);Alicante;III
Alfonso Arenas Férriz;PSPV-PSOE(45 diputados);Alicante;III
José Asensi Sabater;PSPV-PSOE(45 diputados);Alicante;III
Paloma Gómez Ossorio;PSPV-PSOE(45 diputados);Alicante;III
Diego Maciá Antón;PSPV-PSOE(45 diputados);Alicante;III
Antonio Moreno Carrasco;PSPV-PSOE(45 diputados);Alicante;III
Miguel Antonio Millana Sansaturio;PSPV-PSOE(45 diputados);Alicante;III
Martín Sevilla Jiménez;PSPV-PSOE(45 diputados);Alicante;III
Hermenegildo Rodríguez Pérez;PSPV-PSOE(45 diputados);Alicante;III
Concepción Pérez Morales;PSPV-PSOE(45 diputados);Alicante;III
Luis Gabriel Torregrosa Mira;PSPV-PSOE(45 diputados);Alicante;III
Ramón Berenguer Prieto;PSPV-PSOE(45 diputados);Alicante;III
Francisca Benabent Fuentes;PSPV-PSOE(45 diputados);Alicante;III
José Luis Gomis Gavilán;PSPV-PSOE(45 diputados);Alicante;III
Ernesto Fenollosa Ten;PSPV-PSOE(45 diputados);Castellón;III
Ernesto Nabás Orenga;PSPV-PSOE(45 diputados);Castellón;III
Rosa María Morte Julián;PSPV-PSOE(45 diputados);Castellón;III
Juan Callao Capdevila;PSPV-PSOE(45 diputados);Castellón;III
Avelino Roca Albert;PSPV-PSOE(45 diputados);Castellón;III
Artemi Vicent Rallo Lombarte;PSPV-PSOE(45 diputados);Castellón;III
Joaquín Nebot Monzonís;PSPV-PSOE(45 diputados);Castellón;III
Carmen Monzó Juan;PSPV-PSOE(45 diputados);Castellón;III
Ignacio López Arribas;PSPV-PSOE(45 diputados);Castellón;III
José Ramón Tiller Fibla;PSPV-PSOE(45 diputados);Castellón;III
José Luis Nebot Martí;PSPV-PSOE(45 diputados);Castellón;III
Joan Lerma Blasco;PSPV-PSOE(45 diputados);Valencia;III
Antonio Birlanga Casanova;PSPV-PSOE(45 diputados);Valencia;III
Luis Font de Mora Montesinos;PSPV-PSOE(45 diputados);Valencia;III
María Antonia de Armengol Criado;PSPV-PSOE(45 diputados);Valencia;III
Vicent Enric Soler Marco;PSPV-PSOE(45 diputados);Valencia;III
Julio Millet España;PSPV-PSOE(45 diputados);Valencia;III
Antonio Castro Leache;PSPV-PSOE(45 diputados);Valencia;III
Segundo Bru Parra;PSPV-PSOE(45 diputados);Valencia;III
Carmen Begoña Gómez-Marco Pérez;PSPV-PSOE(45 diputados);Valencia;III
Salvador Almenar Palau;PSPV-PSOE(45 diputados);Valencia;III
Leandro Picher Buenaventura;PSPV-PSOE(45 diputados);Valencia;III
Víctor Fuentes Prósper;PSPV-PSOE(45 diputados);Valencia;III
Vicente Miguel Garcés Ramón;PSPV-PSOE(45 diputados);Valencia;III
Ana María Castellanos Vilar;PSPV-PSOE(45 diputados);Valencia;III
Juan Villalba González;PSPV-PSOE(45 diputados);Valencia;III
José Garés Crespo;PSPV-PSOE(45 diputados);Valencia;III
Elena María Martín Yáñez;PSPV-PSOE(45 diputados);Valencia;III
Jesús Puig Noguera;PSPV-PSOE(45 diputados);Valencia;III
Eduardo Zaplana Hernández-Soro;PPCV(31 diputados);Alicante;III
Rafael Maluenda Verdú;PPCV(31 diputados);Alicante;III
Juan Antonio Montesinos García;PPCV(31 diputados);Alicante;III
Miguel Valor Peidró;PPCV(31 diputados);Alicante;III
Manuel Ortuño Cerdá;PPCV(31 diputados);Alicante;III
Vicente Pérez Devesa;PPCV(31 diputados);Alicante;III
Carlos Rafael Alcalde Agesta;PPCV(31 diputados);Alicante;III
Manuel Lorente Belmonte;PPCV(31 diputados);Alicante;III
Anatolio García Villarroyo;PPCV(31 diputados);Alicante;III
Pedro Ángel Hernández Mateo;PPCV(31 diputados);Alicante;III
José Joaquín Ripoll Serrano;PPCV(31 diputados);Alicante;III
Juan Antonio Rodríguez Marín;PPCV(31 diputados);Alicante;III
Enrique Eduardo Gómez Guarner;PPCV(31 diputados);Castellón;III
Fernando Vicente Castelló Boronat;PPCV(31 diputados);Castellón;III
Daniel Ansuátegui Ramo;PPCV(31 diputados);Castellón;III
Eduardo Escrig Reverter;PPCV(31 diputados);Castellón;III
Manuel Ramírez Valentín;PPCV(31 diputados);Castellón;III
José Vives Borrás;PPCV(31 diputados);Castellón;III
Luis Tena Ronchera;PPCV(31 diputados);Castellón;III
Vicente Aparici Moya;PPCV(31 diputados);Castellón;III
Luciano Guillermo Monzonís Rey;PPCV(31 diputados);Castellón;III
Pedro Agramunt Font de Mora;PPCV(31 diputados);Valencia;III
Martín Luis Quirós Palau;PPCV(31 diputados);Valencia;III
Vicente Sanz Monlleó;PPCV(31 diputados);Valencia;III
María Rita Barberá Nolla;PPCV(31 diputados);Valencia;III
Carlos González Cepeda;PPCV(31 diputados);Valencia;III
Joaquín Calomarde Gramage;PPCV(31 diputados);Valencia;III
Rafael Sanchis Perales;PPCV(31 diputados);Valencia;III
Serafín Castellano Gómez;PPCV(31 diputados);Valencia;III
Jorge Lamparero Lázaro;PPCV(31 diputados);Valencia;III
José Manuel Botella Crespo;PPCV(31 diputados);Valencia;III
Joaquín Farnós Gauchía;Unión Valenciana(7 diputados);Castellón;III
Héctor Villalba Chirivella;Unión Valenciana(7 diputados);Valencia;III
Fernando María Giner Giner;Unión Valenciana(7 diputados);Valencia;III
Manuel Giner Miralles;Unión Valenciana(7 diputados);Valencia;III
Filiberto Crespo Samper;Unión Valenciana(7 diputados);Valencia;III
Fermín Artagoitia Calabuig;Unión Valenciana(7 diputados);Valencia;III
Maria Àngels Ramón-Llin Martínez;Unión Valenciana(7 diputados);Valencia;III
Alfredo Alfonso Botella Vicent;EUPV(6 diputados);Alicante;III
Pasqual Mollà Martínez;EUPV(6 diputados);Alicante;III
Francesc Colomer Sánchez;EUPV(6 diputados);Castellón;III
Albert Taberner Ferrer;EUPV(6 diputados);Valencia;III
Juan Pedro Zamora Suárez;EUPV(6 diputados);Valencia;III
Ángeles Gloria Marcos Martí;EUPV(6 diputados);Valencia;III
Luis Fernando Cartagena Travesedo;PPCV(42 diputados);Alicante;IV
Diego Such Pérez;PPCV(42 diputados);Alicante;IV
José Joaquín Ripoll Serrano;PPCV(42 diputados);Alicante;IV
José Cholvi Diego;PPCV(42 diputados);Alicante;IV
Genoveva Reig Ribelles;PPCV(42 diputados);Alicante;IV
Rafael Maluenda Verdú;PPCV(42 diputados);Alicante;IV
Macarena Montesinos de Miguel;PPCV(42 diputados);Alicante;IV
Manuel Ortuño Cerdá-Cerdá;PPCV(42 diputados);Alicante;IV
Carlos Rafael Alcalde Agesta;PPCV(42 diputados);Alicante;IV
Juan Antonio Rodríguez Marín;PPCV(42 diputados);Alicante;IV
Luis Concepción Moscardó;PPCV(42 diputados);Alicante;IV
Pedro Hernández Mateo;PPCV(42 diputados);Alicante;IV
María Josefa García Herrero;PPCV(42 diputados);Alicante;IV
Sebastián Fernández Miralles;PPCV(42 diputados);Alicante;IV
Clara Abellán García;PPCV(42 diputados);Alicante;IV
Carlos Fabra Carreras;PPCV(42 diputados);Castellón;IV
Fernando Vicente Castelló Boronat;PPCV(42 diputados);Castellón;IV
Enrique Gómez Guarner;PPCV(42 diputados);Castellón;IV
Alejandro Font de Mora Turón;PPCV(42 diputados);Castellón;IV
María Ascensión Figueres Górriz;PPCV(42 diputados);Castellón;IV
Luis Tena Ronchera;PPCV(42 diputados);Castellón;IV
Francisco Moliner Colomer;PPCV(42 diputados);Castellón;IV
José Luis Ramírez Sorribes;PPCV(42 diputados);Castellón;IV
Antonio Fornás Tuzón;PPCV(42 diputados);Castellón;IV
Ángel Miguel Barrachina Ros;PPCV(42 diputados);Castellón;IV
Manuel Ramírez Valentín;PPCV(42 diputados);Castellón;IV
Eduardo Zaplana Hernández-Soro;PPCV(42 diputados);Valencia;IV
María Rita Barberá Nolla;PPCV(42 diputados);Valencia;IV
José Luis Olivas Martínez;PPCV(42 diputados);Valencia;IV
Carlos González Cepeda;PPCV(42 diputados);Valencia;IV
Pedro Agramunt Font de Mora;PPCV(42 diputados);Valencia;IV
Martín Luis Quirós Palau;PPCV(42 diputados);Valencia;IV
José Sanmartín Esplugues;PPCV(42 diputados);Valencia;IV
Susana Camarero Benítez;PPCV(42 diputados);Valencia;IV
Serafín Castellano Gómez;PPCV(42 diputados);Valencia;IV
Jorge Lamparero Lázaro;PPCV(42 diputados);Valencia;IV
Fernando Giner Giner;PPCV(42 diputados);Valencia;IV
María Luisa García Merita;PPCV(42 diputados);Valencia;IV
José Manuel Uncio Lacasa;PPCV(42 diputados);Valencia;IV
Rafael Sanchis Perales;PPCV(42 diputados);Valencia;IV
José Vicente Villaescusa Blanca;PPCV(42 diputados);Valencia;IV
José Manuel Botella Crespo;PPCV(42 diputados);Valencia;IV
Antonio García Miralles;PSPV-PSOE(32 diputados);Alicante;IV
Martín Sevilla Jiménez;PSPV-PSOE(32 diputados);Alicante;IV
Luis Francisco Berenguer Fuster;PSPV-PSOE(32 diputados);Alicante;IV
Concepción Pérez Morales;PSPV-PSOE(32 diputados);Alicante;IV
Manuel Rodríguez Maciá;PSPV-PSOE(32 diputados);Alicante;IV
Antonio Moreno Carrasco;PSPV-PSOE(32 diputados);Alicante;IV
María Moreno Ruiz;PSPV-PSOE(32 diputados);Alicante;IV
Roberto García Blanes;PSPV-PSOE(32 diputados);Alicante;IV
Alfonso Arenas Férriz;PSPV-PSOE(32 diputados);Alicante;IV
Francisca Benabent Fuentes;PSPV-PSOE(32 diputados);Alicante;IV
Ramón Berenguer Prieto;PSPV-PSOE(32 diputados);Alicante;IV
Hermenegildo Rodríguez Pérez;PSPV-PSOE(32 diputados);Alicante;IV
Francisco Javier Sanahuja Sanchis;PSPV-PSOE(32 diputados);Castellón;IV
Ernesto Fenollosa Ten;PSPV-PSOE(32 diputados);Castellón;IV
Rosa María Morte Julián;PSPV-PSOE(32 diputados);Castellón;IV
Jesús Huguet Pascual;PSPV-PSOE(32 diputados);Castellón;IV
María del Carmen Lorenz Sos;PSPV-PSOE(32 diputados);Castellón;IV
Enrique Manuel Ayet Fortuño;PSPV-PSOE(32 diputados);Castellón;IV
Ernesto Nabás Orenga;PSPV-PSOE(32 diputados);Castellón;IV
Avelino Roca Albert;PSPV-PSOE(32 diputados);Castellón;IV
Joan Lerma Blasco;PSPV-PSOE(32 diputados);Valencia;IV
Clementina Ródenas Villena;PSPV-PSOE(32 diputados);Valencia;IV
Eugenio Burriel de Orueta;PSPV-PSOE(32 diputados);Valencia;IV
Carmen Begoña Gómez-Marco Pérez;PSPV-PSOE(32 diputados);Valencia;IV
Segundo Bru Parra;PSPV-PSOE(32 diputados);Valencia;IV
Antonio Castro Leache;PSPV-PSOE(32 diputados);Valencia;IV
Julio Millet España;PSPV-PSOE(32 diputados);Valencia;IV
Lourdes Alonso Belza;PSPV-PSOE(32 diputados);Valencia;IV
Víctor Fuentes Prósper;PSPV-PSOE(32 diputados);Valencia;IV
Eduardo Montesinos Chilet;PSPV-PSOE(32 diputados);Valencia;IV
Vicente Miguel Garcés Ramón;PSPV-PSOE(32 diputados);Valencia;IV
María Antonia de Armengol Criado;PSPV-PSOE(32 diputados);Valencia;IV
Pasqual Mollà Martínez;EU-EV(10 diputados);Alicante;IV
Alfredo Alfonso Botella Vicent;EU-EV(10 diputados);Alicante;IV
María Ángeles Martínez Esplá;EU-EV(10 diputados);Alicante;IV
Francesc Colomer Sánchez;EU-EV(10 diputados);Castellón;IV
Carmen Cana Moñita;EU-EV(10 diputados);Castellón;IV
Albert Taberner Ferrer;EU-EV(10 diputados);Valencia;IV
Ángeles Gloria Marcos Martí;EU-EV(10 diputados);Valencia;IV
Juan Pedro Zamora Suárez;EU-EV(10 diputados);Valencia;IV
Joan Ribó Canut;EU-EV(10 diputados);Valencia;IV
Dolors Pérez Martí;EU-EV(10 diputados);Valencia;IV
José Manuel Igual Nebot;UV-FICVA-CCV(5 diputados);Castellón;IV
Vicente González Lizondo;UV-FICVA-CCV(5 diputados);Valencia;IV
Héctor Villalba Chirivella;UV-FICVA-CCV(5 diputados);Valencia;IV
Maria Àngels Ramón-Llin Martínez;UV-FICVA-CCV(5 diputados);Valencia;IV
Filiberto Crespo Samper;UV-FICVA-CCV(5 diputados);Valencia;IV
José Joaquín Ripoll Serrano;PPCV(49 diputados);Alicante;V
Carmen Galipienso Calatayud;PPCV(49 diputados);Alicante;V
Juan Manuel Cabot Saval;PPCV(49 diputados);Alicante;V
Macarena Montesinos de Miguel;PPCV(49 diputados);Alicante;V
José Cholbi Diego;PPCV(49 diputados);Alicante;V
María del Carmen Nácher Pérez;PPCV(49 diputados);Alicante;V
Rafael Maluenda Verdú;PPCV(49 diputados);Alicante;V
María Josefa García Herrero;PPCV(49 diputados);Alicante;V
Manuel Ortuño Cerdá;PPCV(49 diputados);Alicante;V
Francisca Pérez Barber;PPCV(49 diputados);Alicante;V
Juan Rodríguez Marín;PPCV(49 diputados);Alicante;V
Luis Concepción Moscardó;PPCV(49 diputados);Alicante;V
Pedro Hernández Mateo;PPCV(49 diputados);Alicante;V
María Estela Canales Martínez-Pinna;PPCV(49 diputados);Alicante;V
Manuel Pérez Fenoll;PPCV(49 diputados);Alicante;V
José Antonio Rovira Jover;PPCV(49 diputados);Alicante;V
Carlos Fabra Carreras;PPCV(49 diputados);Castellón;V
Fernando Vicente Castelló Boronat;PPCV(49 diputados);Castellón;V
María Ascensión Figueres Górriz;PPCV(49 diputados);Castellón;V
Alejandro Font de Mora Turón;PPCV(49 diputados);Castellón;V
José Luis Ramírez Sorribes;PPCV(49 diputados);Castellón;V
Luis Tena Ronchera;PPCV(49 diputados);Castellón;V
Rosa María Barrieras Mombrú;PPCV(49 diputados);Castellón;V
Ricardo Costa Climent;PPCV(49 diputados);Castellón;V
Ángel Miguel Barrachina Ros;PPCV(49 diputados);Castellón;V
Antonio Fornás Tuzón;PPCV(49 diputados);Castellón;V
Laura Gómez Abego;PPCV(49 diputados);Castellón;V
Manuel Ignacio Prieto Honorato;PPCV(49 diputados);Castellón;V
Eduardo Zaplana Hernández-Soro;PPCV(49 diputados);Valencia;V
María Rita Barberá Nolla;PPCV(49 diputados);Valencia;V
José Luis Olivas Martínez;PPCV(49 diputados);Valencia;V
Maria Àngels Ramón-Llin Martínez;PPCV(49 diputados);Valencia;V
Manuel Tarancón Fandos;PPCV(49 diputados);Valencia;V
Susana Camarero Benítez;PPCV(49 diputados);Valencia;V
Serafín Castellano Gómez;PPCV(49 diputados);Valencia;V
Marcela Miró Pérez;PPCV(49 diputados);Valencia;V
José Rafael Díez Cuquerella;PPCV(49 diputados);Valencia;V
Alicia de Miguel García;PPCV(49 diputados);Valencia;V
Martín Luis Quirós Palau;PPCV(49 diputados);Valencia;V
Esther Mártires Franco Aliaga;PPCV(49 diputados);Valencia;V
Antonio Ángel Clemente Olivert;PPCV(49 diputados);Valencia;V
María del Carmen Mas Rubio;PPCV(49 diputados);Valencia;V
José Manuel Botella Crespo;PPCV(49 diputados);Valencia;V
Alejandra Climent Jordá;PPCV(49 diputados);Valencia;V
Joaquín Soler Garibo;PPCV(49 diputados);Valencia;V
Encarna Cervera Mañas;PPCV(49 diputados);Valencia;V
David Francisco Serra Cervera;PPCV(49 diputados);Valencia;V
Amparo Sancho Vicente;PPCV(49 diputados);Valencia;V
Rafael Ferraro Sebastiá;PPCV(49 diputados);Valencia;V
Antonio Moreno Carrasco;PSOE-Progresistas(35 diputados);Alicante;V
María Dolores Mollá Soler;PSOE-Progresistas(35 diputados);Alicante;V
José Vicente Sanús Tormo;PSOE-Progresistas(35 diputados);Alicante;V
María Trinidad Amorós Fillol;PSOE-Progresistas(35 diputados);Alicante;V
Antonio Torres Salvador;PSOE-Progresistas(35 diputados);Alicante;V
María Moreno Ruiz;PSOE-Progresistas(35 diputados);Alicante;V
Eduardo Vicente Navarro;PSOE-Progresistas(35 diputados);Alicante;V
María Consuelo Català Pérez;PSOE-Progresistas(35 diputados);Alicante;V
Luis Briñas López;PSOE-Progresistas(35 diputados);Alicante;V
José Pérez Grau;PSOE-Progresistas(35 diputados);Alicante;V
Ramón Berenguer Prieto;PSOE-Progresistas(35 diputados);Alicante;V
Carmen Osuna Cubero;PSOE-Progresistas(35 diputados);Alicante;V
Joaquim Francesc Puig Ferrer;PSOE-Progresistas(35 diputados);Castellón;V
María de las Mercedes Sanchordi García;PSOE-Progresistas(35 diputados);Castellón;V
Francesc Colomer Sánchez;PSOE-Progresistas(35 diputados);Castellón;V
Joaquín González Sospedra;PSOE-Progresistas(35 diputados);Castellón;V
Gema Torres Zaragozá;PSOE-Progresistas(35 diputados);Castellón;V
Daniel Gozalbo Bellés;PSOE-Progresistas(35 diputados);Castellón;V
Avelino Roca Albert;PSOE-Progresistas(35 diputados);Castellón;V
Cristina Lozano Salvador;PSOE-Progresistas(35 diputados);Castellón;V
Carmina Martinavarro Molla;PSOE-Progresistas(35 diputados);Castellón;V
Antonio Asunción Hernández;PSOE-Progresistas(35 diputados);Valencia;V
Cristina Moreno Fernández;PSOE-Progresistas(35 diputados);Valencia;V
Antoni Lozano Pastor;PSOE-Progresistas(35 diputados);Valencia;V
María José Mendoza García;PSOE-Progresistas(35 diputados);Valencia;V
Juan Jesús Ros Piles;PSOE-Progresistas(35 diputados);Valencia;V
Juan Andrés Perelló Rodríguez;PSOE-Progresistas(35 diputados);Valencia;V
Josefa Andrés Barea;PSOE-Progresistas(35 diputados);Valencia;V
Carmen Ninet Peña;PSOE-Progresistas(35 diputados);Valencia;V
Baltasar Vives Moncho;PSOE-Progresistas(35 diputados);Valencia;V
Begoña Gómez-Marco Pérez;PSOE-Progresistas(35 diputados);Valencia;V
María Antonia de Armengol Criado;PSOE-Progresistas(35 diputados);Valencia;V
José Camarasa Albertos;PSOE-Progresistas(35 diputados);Valencia;V
Vicent Manuel Sarrià Morell;PSOE-Progresistas(35 diputados);Valencia;V
Joan Francesc Peris García;PSOE-Progresistas(35 diputados);Valencia;V
Juan Antonio Oltra Soler;EUPV(5 diputados);Alicante;V
Ángela Llinares Llorca;EUPV(5 diputados);Alicante;V
Ramón Cardona Pla;EUPV(5 diputados);Castellón;V
Joan Ribó Canut;EUPV(5 diputados);Valencia;V
Dolors Pérez Martí;EUPV(5 diputados);Valencia;V
Julio Francisco de España Moya;PP(48 diputados);Alicante;VI
Macarena Montesinos de Miguel;PP(48 diputados);Alicante;VI
Juan Manuel Cabot Saval;PP(48 diputados);Alicante;VI
María del Carmen Nácher Pérez;PP(48 diputados);Alicante;VI
José Cholbi Diego;PP(48 diputados);Alicante;VI
Ana Encabo Balbín;PP(48 diputados);Alicante;VI
Rafael Maluenda Verdú;PP(48 diputados);Alicante;VI
María Josefa García Herrero;PP(48 diputados);Alicante;VI
Fernando Modrego Caballero;PP(48 diputados);Alicante;VI
Gema Amor Pérez;PP(48 diputados);Alicante;VI
Manuel Gómez Fernández;PP(48 diputados);Alicante;VI
María Estela Canales Martínez-Pinna;PP(48 diputados);Alicante;VI
Juan Seva Martínez;PP(48 diputados);Alicante;VI
Mónica Isabel Lorente Ramón;PP(48 diputados);Alicante;VI
Manuel Pérez Fenoll;PP(48 diputados);Alicante;VI
Cristina Serrano Mateo;PP(48 diputados);Alicante;VI
José Víctor Campos Guinot;PP(48 diputados);Castellón;VI
Rosa María Barrieras Mombrú;PP(48 diputados);Castellón;VI
Alejandro Font de Mora Turón;PP(48 diputados);Castellón;VI
Fernando Vicente Castelló Boronat;PP(48 diputados);Castellón;VI
Ana Michavila Núñez;PP(48 diputados);Castellón;VI
María Soledad Linares Rodríguez;PP(48 diputados);Castellón;VI
Vicente Rambla Momplet;PP(48 diputados);Castellón;VI
Elvira Suanzes Fernández;PP(48 diputados);Castellón;VI
Ricardo Costa Climent;PP(48 diputados);Castellón;VI
José Luis Ramírez Sorribes;PP(48 diputados);Castellón;VI
José Blas Moles Alagarda;PP(48 diputados);Castellón;VI
Francisco Javier Tomás Puchol;PP(48 diputados);Castellón;VI
Jaime Mundo Alberto;PP(48 diputados);Castellón;VI
Francisco Enrique Camps Ortiz;PP(48 diputados);Valencia;VI
María Rita Barberá Nolla;PP(48 diputados);Valencia;VI
Alicia de Miguel García;PP(48 diputados);Valencia;VI
Serafín Castellano Gómez;PP(48 diputados);Valencia;VI
Maria Àngels Ramón-Llin Martínez;PP(48 diputados);Valencia;VI
Verónica Marcos Puig;PP(48 diputados);Valencia;VI
Manuel Tarancón Fandos;PP(48 diputados);Valencia;VI
Esther Mártires Franco Aliaga;PP(48 diputados);Valencia;VI
Carlos Javier González Cepeda;PP(48 diputados);Valencia;VI
Alejandra Climent Jordá;PP(48 diputados);Valencia;VI
Rafael Blasco Castany;PP(48 diputados);Valencia;VI
Amparo Sancho Vicente;PP(48 diputados);Valencia;VI
Antonio Ángel Clemente Olivert;PP(48 diputados);Valencia;VI
Estefania Elena Martínez Zaragoza;PP(48 diputados);Valencia;VI
Joaquín Soler Garibo;PP(48 diputados);Valencia;VI
Asunción Quinzá Alegre;PP(48 diputados);Valencia;VI
Eduardo Ovejero Adelantado;PP(48 diputados);Valencia;VI
José Emilio Cervera Llavador;PP(48 diputados);Valencia;VI
Rafael Ferraro Sebastiá;PP(48 diputados);Valencia;VI
Diego Maciá Antón;PSOE(35 diputados);Alicante;VI
María del Carmen Sánchez Brufal;PSOE(35 diputados);Alicante;VI
Antonio Moreno Carrasco;PSOE(35 diputados);Alicante;VI
Encarnación Llinares Cuesta;PSOE(35 diputados);Alicante;VI
Vicente Escrig Peris;PSOE(35 diputados);Alicante;VI
María Consuelo Català Pérez;PSOE(35 diputados);Alicante;VI
Eduardo Vicente Navarro;PSOE(35 diputados);Alicante;VI
Rebeca Lirios Soler Cejudo;PSOE(35 diputados);Alicante;VI
Antonio Torres Salvador;PSOE(35 diputados);Alicante;VI
María Dolores Gay Bódalo;PSOE(35 diputados);Alicante;VI
Juan de Dios Falcó Rico;PSOE(35 diputados);Alicante;VI
José Antonio Godoy García;PSOE(35 diputados);Alicante;VI
Joaquim Francesc Puig Ferrer;PSOE(35 diputados);Castellón;VI
María Amparo Marco Gual;PSOE(35 diputados);Castellón;VI
Francesc Colomer Sánchez;PSOE(35 diputados);Castellón;VI
Isabel María Escudero Pitarch;PSOE(35 diputados);Castellón;VI
Joaquín González Sospedra;PSOE(35 diputados);Castellón;VI
María de las Mercedes Sanchordi García;PSOE(35 diputados);Castellón;VI
Adolfo Sanmartín Besalduch;PSOE(35 diputados);Castellón;VI
María José Mendoza García;PSOE(35 diputados);Castellón;VI
Tomás Polo Poveda;PSOE(35 diputados);Castellón;VI
Joan Ignasi Pla Durà;PSOE(35 diputados);Valencia;VI
Josefa Frau Ribes;PSOE(35 diputados);Valencia;VI
Vicent Manuel Sarrià Morell;PSOE(35 diputados);Valencia;VI
María Nuria Espí de Navas;PSOE(35 diputados);Valencia;VI
Antonio Such Botella;PSOE(35 diputados);Valencia;VI
Jeannette Segarra Sales;PSOE(35 diputados);Valencia;VI
Juan Jesús Ros Piles;PSOE(35 diputados);Valencia;VI
Ana Isabel Noguera Montagud;PSOE(35 diputados);Valencia;VI
Antoni Lozano Pastor;PSOE(35 diputados);Valencia;VI
Cristina Moreno Fernández;PSOE(35 diputados);Valencia;VI
Juan Andrés Perelló Rodríguez;PSOE(35 diputados);Valencia;VI
Josefa Andrés Barea;PSOE(35 diputados);Valencia;VI
José Camarasa Albertos;PSOE(35 diputados);Valencia;VI
Carmen Ninet Peña;PSOE(35 diputados);Valencia;VI
Juan Antonio Oltra Soler;ENTESA(6 diputados);Alicante;VI
Alfred Botella Vicent;ENTESA(6 diputados);Alicante;VI
Ramón Cardona Pla;ENTESA(6 diputados);Castellón;VI
Joan Ribó Canut;ENTESA(6 diputados);Valencia;VI
Carles Arnal Ibáñez;ENTESA(6 diputados);Valencia;VI
Dolors Pérez Martí;ENTESA(6 diputados);Valencia;VI
Gerardo Camps Devesa;[PPCV(54 diputados);Alicante;VII
María Adelaida Pedrosa Roldán;[PPCV(54 diputados);Alicante;VII
Miguel Ignacio Peralta Viñes;[PPCV(54 diputados);Alicante;VII
Luis Bernardo Díaz Alperi;[PPCV(54 diputados);Alicante;VII
María Milagrosa Martínez Navarro;[PPCV(54 diputados);Alicante;VII
Rafael Maluenda Verdú;[PPCV(54 diputados);Alicante;VII
José Ramón García Antón;[PPCV(54 diputados);Alicante;VII
Ángela María Barceló Martorell;[PPCV(54 diputados);Alicante;VII
César Augusto Asencio Adsuar;[PPCV(54 diputados);Alicante;VII
María José García Herrero;[PPCV(54 diputados);Alicante;VII
José Cholbi Diego;[PPCV(54 diputados);Alicante;VII
Gema Amor Pérez;[PPCV(54 diputados);Alicante;VII
Pedro Ángel Hernández Mateo;[PPCV(54 diputados);Alicante;VII
María Elena Bonet Mancheño;[PPCV(54 diputados);Alicante;VII
David Francisco Serra Cervera;[PPCV(54 diputados);Alicante;VII
Trinidad María Miró Mira;[PPCV(54 diputados);Alicante;VII
César Sánchez Pérez;[PPCV(54 diputados);Alicante;VII
Andrés Antonio Ballester Costa;[PPCV(54 diputados);Alicante;VII
Antonio Vicente Peral Villar;[PPCV(54 diputados);Alicante;VII
Alejandro Font de Mora Turón;[PPCV(54 diputados);Castellón;VII
María Soledad Linares Rodríguez;[PPCV(54 diputados);Castellón;VII
Ricardo Costa Climent;[PPCV(54 diputados);Castellón;VII
Vicente Rambla Momplet;[PPCV(54 diputados);Castellón;VII
Herminia Palomar Pérez;[PPCV(54 diputados);Castellón;VII
Ana Michavila Núñez;[PPCV(54 diputados);Castellón;VII
Rosa María Barrieras Mombrú;[PPCV(54 diputados);Castellón;VII
José Marí Olano;[PPCV(54 diputados);Castellón;VII
Alberto Fabra Part;[PPCV(54 diputados);Castellón;VII
Ricardo Martínez Rodríguez;[PPCV(54 diputados);Castellón;VII
María Fernanda Vidal Causanilles;[PPCV(54 diputados);Castellón;VII
Jaime Mundo Alberto;[PPCV(54 diputados);Castellón;VII
Francisco Enrique Camps Ortiz;[PPCV(54 diputados);Valencia;VII
María Rita Barberá Nolla;[PPCV(54 diputados);Valencia;VII
Francisca Mercedes Hernández Miñana;[PPCV(54 diputados);Valencia;VII
Serafín Castellano Gómez;[PPCV(54 diputados);Valencia;VII
Antonio Ángel Clemente Olivert;[PPCV(54 diputados);Valencia;VII
María Sagrario Sánchez Cortés;[PPCV(54 diputados);Valencia;VII
Rafael Blasco Castany;[PPCV(54 diputados);Valencia;VII
Esther Mártires Franco Aliaga;[PPCV(54 diputados);Valencia;VII
Esteban González Pons;[PPCV(54 diputados);Valencia;VII
Juan Gabriel Cotino Ferrer;[PPCV(54 diputados);Valencia;VII
Alicia de Miguel García;[PPCV(54 diputados);Valencia;VII
Fernando María Giner Giner;[PPCV(54 diputados);Valencia;VII
Vicente Betoret Coll;[PPCV(54 diputados);Valencia;VII
María Dolores Botella Arbona;[PPCV(54 diputados);Valencia;VII
Justo Nieto Nieto;[PPCV(54 diputados);Valencia;VII
Salvador Cortés Llopis;[PPCV(54 diputados);Valencia;VII
Asunción Quinzá Alegre;[PPCV(54 diputados);Valencia;VII
Rafael Ferraro Sebastiá;[PPCV(54 diputados);Valencia;VII
María Concepción Emma Iranzo Martín;[PPCV(54 diputados);Valencia;VII
Eduardo Ovejero Adelantado;[PPCV(54 diputados);Valencia;VII
Verónica Marcos Puig;[PPCV(54 diputados);Valencia;VII
Vicente Soria Mora;[PPCV(54 diputados);Valencia;VII
Manuel Miguel Bustamante Bautista;[PPCV(54 diputados);Valencia;VII
Diego Maciá Antón;PSPV-PSOE(38 diputados);Alicante;VII
María Isabel Lloret Ivorra;PSPV-PSOE(38 diputados);Alicante;VII
Ángel Luna González;PSPV-PSOE(38 diputados);Alicante;VII
María Consuelo Català Pérez;PSPV-PSOE(38 diputados);Alicante;VII
José Antonio Godoy García;PSPV-PSOE(38 diputados);Alicante;VII
María Dolores Gay Bódalo;PSPV-PSOE(38 diputados);Alicante;VII
Antonio Torres Salvador;PSPV-PSOE(38 diputados);Alicante;VII
Elvira María Jiménez Gutiérrez;PSPV-PSOE(38 diputados);Alicante;VII
Eduardo Vicente Navarro;PSPV-PSOE(38 diputados);Alicante;VII
María Dolores Huesca Rodríguez;PSPV-PSOE(38 diputados);Alicante;VII
Manuel Bueno Ortuño;PSPV-PSOE(38 diputados);Alicante;VII
María Vicenta Crespo Domínguez;PSPV-PSOE(38 diputados);Alicante;VII
Amando Vilaplana Gironés;PSPV-PSOE(38 diputados);Alicante;VII
Rebeca Lirios Soler;PSPV-PSOE(38 diputados);Alicante;VII
Isabel María Escudero Pitarch;PSPV-PSOE(38 diputados);Castellón;VII
Joaquim Francesc Puig Ferrer;PSPV-PSOE(38 diputados);Castellón;VII
María Amparo Marco Gual;PSPV-PSOE(38 diputados);Castellón;VII
Juan Ignacio Subías Ruiz Sevilla;PSPV-PSOE(38 diputados);Castellón;VII
María José Salvador Rubert;PSPV-PSOE(38 diputados);Castellón;VII
Adolfo Sanmartín Besalduch;PSPV-PSOE(38 diputados);Castellón;VII
Clara Tirado Museros;PSPV-PSOE(38 diputados);Castellón;VII
Francesc Colomer Sánchez;PSPV-PSOE(38 diputados);Castellón;VII
María Soledad Sorribes Martínez;PSPV-PSOE(38 diputados);Castellón;VII
Vicente Nebot Gargallo;PSPV-PSOE(38 diputados);Castellón;VII
Joan Ignasi Pla i Durà;PSPV-PSOE(38 diputados);Valencia;VII
Josefa Frau Ribes;PSPV-PSOE(38 diputados);Valencia;VII
Vicent Manuel Sarrià Morell;PSPV-PSOE(38 diputados);Valencia;VII
María Nuria Espí de Navas;PSPV-PSOE(38 diputados);Valencia;VII
Antonio Such Botella;PSPV-PSOE(38 diputados);Valencia;VII
Carmen Ninet Peña;PSPV-PSOE(38 diputados);Valencia;VII
Juan Andrés Perelló Rodríguez;PSPV-PSOE(38 diputados);Valencia;VII
Ana Isabel Noguera Montagud;PSPV-PSOE(38 diputados);Valencia;VII
Juan Jesús Ros Piles;PSPV-PSOE(38 diputados);Valencia;VII
Cristina Moreno Fernández;PSPV-PSOE(38 diputados);Valencia;VII
Francesc de Borja Signes Núñez;PSPV-PSOE(38 diputados);Valencia;VII
Jeannette Segarra Sales;PSPV-PSOE(38 diputados);Valencia;VII
José Camarasa Albertos;PSPV-PSOE(38 diputados);Valencia;VII
Josefa Andrés Barea;PSPV-PSOE(38 diputados);Valencia;VII
Lluís Torró Gil;CPV(7 diputados);Alicante;VII
Mireia Mollà Herrera;CPV(7 diputados);Alicante;VII
Marina Albiol Guzmán;CPV(7 diputados);Castellón;VII
Josep Maria Pañella Alcácer;CPV(7 diputados);Castellón;VII
Ángeles Glòria Marcos Martí;CPV(7 diputados);Valencia;VII
Enric Xavier Morera Català;CPV(7 diputados);Valencia;VII
Mónica Oltra Jarque;CPV(7 diputados);Valencia;VII
Sonia Castedo Ramos;PPCV(55 diputados);Alicante;VIII
Gerardo Camps Devesa;PPCV(55 diputados);Alicante;VIII
María Milagrosa Martínez Navarro;PPCV(55 diputados);Alicante;VIII
Luis Bernardo Díaz Alperi;PPCV(55 diputados);Alicante;VIII
Rafael Maluenda Verdú;PPCV(55 diputados);Alicante;VIII
José Císcar Bolufer;PPCV(55 diputados);Alicante;VIII
Trinidad María Miró Mira;PPCV(55 diputados);Alicante;VIII
Angélica Gemma Such Ronda;PPCV(55 diputados);Alicante;VIII
Mario Francisco José Flores Lanuza;PPCV(55 diputados);Alicante;VIII
David Francisco Serra Cervera;PPCV(55 diputados);Alicante;VIII
Ángela María Barceló Martorell;PPCV(55 diputados);Alicante;VIII
César Augusto Asencio Adsuar;PPCV(55 diputados);Alicante;VIII
Pedro Ángel Hernández Mateo;PPCV(55 diputados);Alicante;VIII
María José García Herrero;PPCV(55 diputados);Alicante;VIII
Andrés Antonio Ballester Costa;PPCV(55 diputados);Alicante;VIII
César Sánchez Pérez;PPCV(55 diputados);Alicante;VIII
María Elena Bonet Mancheño;PPCV(55 diputados);Alicante;VIII
Antonio Vicente Peral Villar;PPCV(55 diputados);Alicante;VIII
Yolanda García Santos;PPCV(55 diputados);Alicante;VIII
Eva Ortiz Vilella;PPCV(55 diputados);Alicante;VIII
Alberto Fabra Part;PPCV(55 diputados);Castellón;VIII
María Soledad Linares Rodríguez;PPCV(55 diputados);Castellón;VIII
Manuel Cervera Taulet;PPCV(55 diputados);Castellón;VIII
Vicente Rambla Momplet;PPCV(55 diputados);Castellón;VIII
María Fernanda Vidal Causanilles;PPCV(55 diputados);Castellón;VIII
Alejandro Font de Mora Turón;PPCV(55 diputados);Castellón;VIII
Ricardo Costa Climent;PPCV(55 diputados);Castellón;VIII
Rosa María Barrieras Mombrú;PPCV(55 diputados);Castellón;VIII
Ricardo Martínez Rodríguez;PPCV(55 diputados);Castellón;VIII
María del Carmen Amorós Granell;PPCV(55 diputados);Castellón;VIII
Juan Mariano Castejón Chaler;PPCV(55 diputados);Castellón;VIII
Rubén Ibáñez Bordonau;PPCV(55 diputados);Castellón;VIII
Jaime Mundo Alberto;PPCV(55 diputados);Castellón;VIII
Francisco Enrique Camps Ortiz;PPCV(55 diputados);Valencia;VIII
María Rita Barberá Nolla;PPCV(55 diputados);Valencia;VIII
Antonio Ángel Clemente Olivert;PPCV(55 diputados);Valencia;VIII
Francisca Mercedes Hernández Miñana;PPCV(55 diputados);Valencia;VIII
Alfonso Rus Terol;PPCV(55 diputados);Valencia;VIII
Juan Gabriel Cotino Ferrer;PPCV(55 diputados);Valencia;VIII
Paula Sánchez de León Guardiola;PPCV(55 diputados);Valencia;VIII
Rafael Blasco Castany;PPCV(55 diputados);Valencia;VIII
Serafín Castellano Gómez;PPCV(55 diputados);Valencia;VIII
Belén Juste Picón;PPCV(55 diputados);Valencia;VIII
María José Catalá Verdet;PPCV(55 diputados);Valencia;VIII
Vicente Betoret Coll;PPCV(55 diputados);Valencia;VIII
José Marí Olano;PPCV(55 diputados);Valencia;VIII
Alfredo Cesáreo Castelló Sáez;PPCV(55 diputados);Valencia;VIII
Alicia de Miguel García;PPCV(55 diputados);Valencia;VIII
Jorge Bellver Casaña;PPCV(55 diputados);Valencia;VIII
Verónica Marcos Puig;PPCV(55 diputados);Valencia;VIII
Rafael Ferraro Sebastiá;PPCV(55 diputados);Valencia;VIII
Eduardo Ovejero Adelantado;PPCV(55 diputados);Valencia;VIII
Esther Mártires Franco Aliaga;PPCV(55 diputados);Valencia;VIII
Luis Miguel Ibáñez Gadea;PPCV(55 diputados);Valencia;VIII
Fernando María Giner Giner;PPCV(55 diputados);Valencia;VIII
Ángel Luna González;PSPV-PSOE(33 diputados);Alicante;VIII
Ana Barceló Chico;PSPV-PSOE(33 diputados);Alicante;VIII
Vicente Arques Cortés;PSPV-PSOE(33 diputados);Alicante;VIII
José Manuel Sánchez Asencio;PSPV-PSOE(33 diputados);Alicante;VIII
María Vicenta Crespo Domínguez;PSPV-PSOE(33 diputados);Alicante;VIII
Ferran Josep Verdú Monllor;PSPV-PSOE(33 diputados);Alicante;VIII
Javier Carlos Macho Lorenzo;PSPV-PSOE(33 diputados);Alicante;VIII
Julián López Milla;PSPV-PSOE(33 diputados);Alicante;VIII
Verónica López Ramón;PSPV-PSOE(33 diputados);Alicante;VIII
María Dolores Huesca Rodríguez;PSPV-PSOE(33 diputados);Alicante;VIII
Antonio Torres Salvador;PSPV-PSOE(33 diputados);Alicante;VIII
Jordi Serra Ferrer;PSPV-PSOE(33 diputados);Alicante;VIII
Francisco Toledo Lobo;PSPV-PSOE(33 diputados);Castellón;VIII
Óscar Tena García;PSPV-PSOE(33 diputados);Castellón;VIII
Clara Tirado Museros;PSPV-PSOE(33 diputados);Castellón;VIII
Juan Ignacio Subías Ruiz de Villa;PSPV-PSOE(33 diputados);Castellón;VIII
Ana María Besalduch Besalduch;PSPV-PSOE(33 diputados);Castellón;VIII
José Benlloch Fernández;PSPV-PSOE(33 diputados);Castellón;VIII
María José Salvador Rubert;PSPV-PSOE(33 diputados);Castellón;VIII
Vicent Esteve Nebot;PSPV-PSOE(33 diputados);Castellón;VIII
Delia Valero Ferri;PSPV-PSOE(33 diputados);Castellón;VIII
Jorge Alarte Gorbe;PSPV-PSOE(33 diputados);Valencia;VIII
Carmen Martínez Ramírez;PSPV-PSOE(33 diputados);Valencia;VIII
Cristina Moreno Fernández;PSPV-PSOE(33 diputados);Valencia;VIII
Carmen Ninet Peña;PSPV-PSOE(33 diputados);Valencia;VIII
Víctor Manuel Sahuquillo Martínez;PSPV-PSOE(33 diputados);Valencia;VIII
Pilar Teresa Sarrión Ponce;PSPV-PSOE(33 diputados);Valencia;VIII
Francesc de Borja Signes Núñez;PSPV-PSOE(33 diputados);Valencia;VIII
Eva Martínez Ruiz;PSPV-PSOE(33 diputados);Valencia;VIII
Rafael Rubio Martínez;PSPV-PSOE(33 diputados);Valencia;VIII
Alfredo Miguel Boix Pastor;PSPV-PSOE(33 diputados);Valencia;VIII
Juan Soto Ramírez;PSPV-PSOE(33 diputados);Valencia;VIII
Josep Lluís Moreno Escrivà;PSPV-PSOE(33 diputados);Valencia;VIII
Mireia Mollà Herrera;Coalició Compromís(6 diputados);Alicante;VIII
Josep Maria Pañella Alcácer;Coalició Compromís(6 diputados);Castellón;VIII
Enric Xavier Morera i Català;Coalició Compromís(6 diputados);Valencia;VIII
Mónica Oltra Jarque;Coalició Compromís(6 diputados);Valencia;VIII
Juan Ignacio Ponce Guardiola;Coalició Compromís(6 diputados);Valencia;VIII
Francesc Xavier Ferri Fayos;Coalició Compromís(6 diputados);Valencia;VIII
Lluís Torró Gil;EUPV(5 diputados);Alicante;VIII
Esther López Barceló;EUPV(5 diputados);Alicante;VIII
Marina Albiol Guzmán;EUPV(5 diputados);Castellón;VIII
Rosario Margarita Sanz Alonso;EUPV(5 diputados);Valencia;VIII
Ignacio Blanco Giner;EUPV(5 diputados);Valencia;VIII
José Ciscar Bolufer;PPCV(31 diputados);Alicante;IX
Eva Ortiz Vilella;PPCV(31 diputados);Alicante;IX
José Juan Zaplana López;PPCV(31 diputados);Alicante;IX
César Sánchez Pérez;PPCV(31 diputados);Alicante;IX
Elisa Díaz González;PPCV(31 diputados);Alicante;IX
Manuel Pérez Fenoll;PPCV(31 diputados);Alicante;IX
María Remedios Yáñez Motos;PPCV(31 diputados);Alicante;IX
José Salas Maldonado;PPCV(31 diputados);Alicante;IX
María Teresa Parra Almiñana;PPCV(31 diputados);Alicante;IX
Antoni Joan Bertomeu Vallés;PPCV(31 diputados);Alicante;IX
Juan de Dios Navarro Caballero;PPCV(31 diputados);Alicante;IX
Isabel Plácida Bonig Trigueros;PPCV(31 diputados);Castellón;IX
Alejandro Font de Mora Turón;PPCV(31 diputados);Castellón;IX
Vicente Casanova Claramonte;PPCV(31 diputados);Castellón;IX
Máximo Hartwig Buch Torralva;PPCV(31 diputados);Castellón;IX
Beatriz Gascó Enríquez;PPCV(31 diputados);Castellón;IX
Rubén Ibáñez Bordonau;PPCV(31 diputados);Castellón;IX
Miguel Ángel Mulet Taló;PPCV(31 diputados);Castellón;IX
Marta Gallén Peris;PPCV(31 diputados);Castellón;IX
Alberto Fabra Part;PPCV(31 diputados);Valencia;IX
María Rita Barberá Nolla;PPCV(31 diputados);Valencia;IX
Juan Carlos Moragues Ferrer;PPCV(31 diputados);Valencia;IX
María José Català Verdet;PPCV(31 diputados);Valencia;IX
Jorge Bellver Casaña;PPCV(31 diputados);Valencia;IX
María José Ferrer San Segundo;PPCV(31 diputados);Valencia;IX
Manuel María Llombart Fuertes;PPCV(31 diputados);Valencia;IX
Alfredo Cesáreo Castelló Sáez;PPCV(31 diputados);Valencia;IX
Verónica Marcos Puig;PPCV(31 diputados);Valencia;IX
Vicente Betoret Coll;PPCV(31 diputados);Valencia;IX
Luis Javier Santamaría Ruiz;PPCV(31 diputados);Valencia;IX
María Bernal Talavera;PPCV(31 diputados);Valencia;IX
Julián López Milla;PSPV-PSOE(23 diputados);Alicante;IX
Noelia Hernández Sánchez;PSPV-PSOE(23 diputados);Alicante;IX
David Cerdán Pastor;PSPV-PSOE(23 diputados);Alicante;IX
Antonio Torres Salvador;PSPV-PSOE(23 diputados);Alicante;IX
Ana Barceló Chico;PSPV-PSOE(23 diputados);Alicante;IX
Manuel Pineda Cuenca;PSPV-PSOE(23 diputados);Alicante;IX
María Sandra Martín Pérez;PSPV-PSOE(23 diputados);Alicante;IX
Vicente Arques Cortés;PSPV-PSOE(23 diputados);Alicante;IX
Antonia Serna Serrano;PSPV-PSOE(23 diputados);Alicante;IX
Joaquim Francesc Puig Ferrer;PSPV-PSOE(23 diputados);Castellón;IX
Eva Alcón Soler;PSPV-PSOE(23 diputados);Castellón;IX
Francesc Colomer Sánchez;PSPV-PSOE(23 diputados);Castellón;IX
Clara Tirado Museros;PSPV-PSOE(23 diputados);Castellón;IX
Enrique Vidal Pérez;PSPV-PSOE(23 diputados);Castellón;IX
María José Salvador Rubert;PSPV-PSOE(23 diputados);Castellón;IX
María José Mira Veintimilla;PSPV-PSOE(23 diputados);Valencia;IX
Fernando González Delgado;PSPV-PSOE(23 diputados);Valencia;IX
Carmen Amoraga Toledo;PSPV-PSOE(23 diputados);Valencia;IX
Manuel Mata Gómez;PSPV-PSOE(23 diputados);Valencia;IX
Rosa Peris Cervera;PSPV-PSOE(23 diputados);Valencia;IX
Alfred Boix Pastor;PSPV-PSOE(23 diputados);Valencia;IX
Carmen Martínez Ramírez;PSPV-PSOE(23 diputados);Valencia;IX
José Muñoz Lladró;PSPV-PSOE(23 diputados);Valencia;IX
Mireia Mollà Herrera;Compromís(19 diputados);Alicante;IX
Rafael Climent González;Compromís(19 diputados);Alicante;IX
José Ramón Nadal Sendra;Compromís(19 diputados);Alicante;IX
Cristina Rodríguez Armigen;Compromís(19 diputados);Alicante;IX
María del Ángel Campello Moreno;Compromís(19 diputados);Alicante;IX
Vicent Marzà Ibáñez;Compromís(19 diputados);Castellón;IX
Mónica Álvaro Cerezo;Compromís(19 diputados);Castellón;IX
Belén Bachero Traver;Compromís(19 diputados);Castellón;IX
Víctor García Tomás;Compromís(19 diputados);Castellón;IX
Mónica Oltra Jarque;Compromís(19 diputados);Valencia;IX
Enric Xavier Morera Català;Compromís(19 diputados);Valencia;IX
Graciela Noemí Ferrer Matvieychuc;Compromís(19 diputados);Valencia;IX
Francesc Xavier Ferri Fayos;Compromís(19 diputados);Valencia;IX
Juan Ignacio Ponce Guardiola;Compromís(19 diputados);Valencia;IX
Maria Josep Ortega Requena;Compromís(19 diputados);Valencia;IX
Isaura Navarro Casillas;Compromís(19 diputados);Valencia;IX
Jordi Joan Huguet;Compromís(19 diputados);Valencia;IX
Teresa García Muñoz;Compromís(19 diputados);Valencia;IX
Francisco Javier García Latorre;Compromís(19 diputados);Valencia;IX
Emigdio Tormo Moratalla;Ciudadanos(13 diputados);Alicante;IX
Emilio Argüeso Torres;Ciudadanos(13 diputados);Alicante;IX
María del Carmen Sánchez Zamora;Ciudadanos(13 diputados);Alicante;IX
Antonio Joaquín Woodward Poch;Ciudadanos(13 diputados);Alicante;IX
Rosa María García González;Ciudadanos(13 diputados);Alicante;IX
Mercedes Ventura Campos;Ciudadanos(13 diputados);Castellón;IX
David de Miguel Martínez;Ciudadanos(13 diputados);Castellón;IX
Alberto García Salvador;Ciudadanos(13 diputados);Castellón;IX
Carolina Clara Punset Bannel;Ciudadanos(13 diputados);Valencia;IX
Alexis Frederic Marí Malonda;Ciudadanos(13 diputados);Valencia;IX
Juan Ginés Córdoba Cortijo;Ciudadanos(13 diputados);Valencia;IX
Antonio Subiela Chico;Ciudadanos(13 diputados);Valencia;IX
María José García Jiménez;Ciudadanos(13 diputados);Valencia;IX
María Luz Quiñonero Hernández;Podem(13 diputados);Alicante;IX
Antonio Estañ García;Podem(13 diputados);Alicante;IX
Beatriz Gascó Verdier;Podem(13 diputados);Alicante;IX
José Francisco Almería Serrano;Podem(13 diputados);Alicante;IX
Covadonga Peremarch Palomares;Podem(13 diputados);Alicante;IX
César Jiménez Doménech;Podem(13 diputados);Castellón;IX
Cristina Cabedo Laborda;Podem(13 diputados);Castellón;IX
Marc Pallarés Piquer;Podem(13 diputados);Castellón;IX
José Antonio Montiel Márquez;Podem(13 diputados);Valencia;IX
Sandra Mínguez Corral;Podem(13 diputados);Valencia;IX
David Torres García;Podem(13 diputados);Valencia;IX
Fabiola Meco Tébar;Podem(13 diputados);Valencia;IX
Daniel Geffner Sclarsky;Podem(13 diputados);Valencia;IX
Ana Barceló Chico;PSPV-PSOE(27 diputados);Alicante;X
José Francisco Chulvi Español;PSPV-PSOE(27 diputados);Alicante;X
Laura Soler Azorín;PSPV-PSOE(27 diputados);Alicante;X
Manuel Pineda Cuenca;PSPV-PSOE(27 diputados);Alicante;X
Antonia Serna Serrano;PSPV-PSOE(27 diputados);Alicante;X
Vicent Arques Cortés;PSPV-PSOE(27 diputados);Alicante;X
María Sandra Martín Pérez;PSPV-PSOE(27 diputados);Alicante;X
Francisco Rubio Delgado;PSPV-PSOE(27 diputados);Alicante;X
Rosa de Falastín Mustafá Ávila;PSPV-PSOE(27 diputados);Alicante;X
Jesús Sellés Quiles;PSPV-PSOE(27 diputados);Alicante;X
Joaquín Francisco Puig Ferrer;PSPV-PSOE(27 diputados);Castellón;X
María José Salvador Rubert;PSPV-PSOE(27 diputados);Castellón;X
Ernest Blanch Marín;PSPV-PSOE(27 diputados);Castellón;X
María Sabina Escrig Monzó;PSPV-PSOE(27 diputados);Castellón;X
Carlos Laguna Asensi;PSPV-PSOE(27 diputados);Castellón;X
Ana María Besalduch Besalduch;PSPV-PSOE(27 diputados);Castellón;X
Francisco Gil García;PSPV-PSOE(27 diputados);Castellón;X
Manuel Mata Gómez;PSPV-PSOE(27 diputados);Valencia;X
Gabriela Bravo Sanestanislao;PSPV-PSOE(27 diputados);Valencia;X
Vicent Soler i Marco;PSPV-PSOE(27 diputados);Valencia;X
Mercedes Caballero Hueso;PSPV-PSOE(27 diputados);Valencia;X
José Muñoz Lladró;PSPV-PSOE(27 diputados);Valencia;X
Carmen Martínez Ramírez;PSPV-PSOE(27 diputados);Valencia;X
Alfred Boix Pastor;PSPV-PSOE(27 diputados);Valencia;X
Concepción Andrés Sanchís;PSPV-PSOE(27 diputados);Valencia;X
David Calvo Alfonso;PSPV-PSOE(27 diputados);Valencia;X
Rosa María Peris Cervera;PSPV-PSOE(27 diputados);Valencia;X
José Císcar Bolufer;PPCV(19 diputados);Alicante;X
Eva Ortiz Vilella;PPCV(19 diputados);Alicante;X
Adrián Ballester Espinosa;PPCV(19 diputados);Alicante;X
Elisa Díaz González;PPCV(19 diputados);Alicante;X
José Juan Zaplana López;PPCV(19 diputados);Alicante;X
José Antonio Rovira Jover;PPCV(19 diputados);Alicante;X
Manuel Pérez Fenoll;PPCV(19 diputados);Alicante;X
Miguel Barrachina Ros;PPCV(19 diputados);Castellón;X
Luis Martínez Fuentes;PPCV(19 diputados);Castellón;X
Rubén Ibáñez Bordonau;PPCV(19 diputados);Castellón;X
Beatriz Gascó Enríquez;PPCV(19 diputados);Castellón;X
María Luisa Mezquita Juan;PPCV(19 diputados);Castellón;X
Isabel Plácida Bonig Trigueros;PPCV(19 diputados);Valencia;X
Elena María Bastidas Bono;PPCV(19 diputados);Valencia;X
Felipe Javier Carrasco Torres;PPCV(19 diputados);Valencia;X
Jorge Bellver Casaña;PPCV(19 diputados);Valencia;X
Alfredo Cesáreo Castelló Sáez;PPCV(19 diputados);Valencia;X
María José Català Verdet;PPCV(19 diputados);Valencia;X
Juan Carlos Caballero Montañés;PPCV(19 diputados);Valencia;X
María Quiles Bailén;Ciudadanos(18 diputados);Alicante;X
Yaneth Lucía Giraldo Jiménez;Ciudadanos(18 diputados);Alicante;X
Emigdio Tormo Moratalla;Ciudadanos(18 diputados);Alicante;X
José Antonio Martínez Ortega;Ciudadanos(18 diputados);Alicante;X
Fernando Enrique Llopis Pascual;Ciudadanos(18 diputados);Alicante;X
Antonio Joaquín Woodward Poch;Ciudadanos(18 diputados);Alicante;X
Rosa María Menor Lucas;Ciudadanos(18 diputados);Alicante;X
Mercedes Ventura Campos;Ciudadanos(18 diputados);Castellón;X
Cristina Gabarda Ortín;Ciudadanos(18 diputados);Castellón;X
Eduardo del Pozo Querol;Ciudadanos(18 diputados);Castellón;X
Vicente Fernández García;Ciudadanos(18 diputados);Castellón;X
Antonio Cantó García del Moral;Ciudadanos(18 diputados);Valencia;X
Ruth María Merino Peña;Ciudadanos(18 diputados);Valencia;X
María del Carmen Peris Navarro;Ciudadanos(18 diputados);Valencia;X
Carlos Pablo Gracia Calandín;Ciudadanos(18 diputados);Valencia;X
Jesús Salmerón Berga;Ciudadanos(18 diputados);Valencia;X
Patricia García Guasp;Ciudadanos(18 diputados);Valencia;X
Luis Arquillos Cruz;Ciudadanos(18 diputados);Valencia;X
Aitana Joana Mas Mas;Compromís(17 diputados);Alicante;X
Rafael Climent González;Compromís(17 diputados);Alicante;X
José Ramón Nadal Sendra;Compromís(17 diputados);Alicante;X
Cristina Rodríguez Armigen;Compromís(17 diputados);Alicante;X
Vicent Marzà Ibáñez;Compromís(17 diputados);Castellón;X
Mònica Álvaro Cerezo;Compromís(17 diputados);Castellón;X
Belén Bachero Traver;Compromís(17 diputados);Castellón;X
José Silverio Tena Sánchez;Compromís(17 diputados);Castellón;X
Mónica Oltra Jarque;Compromís(17 diputados);Valencia;X
Francesc Xavier Ferri Fayos;Compromís(17 diputados);Valencia;X
Graciela Noemí Ferrer Matvieychuc;Compromís(17 diputados);Valencia;X
Enric Xavier Morera i Català;Compromís(17 diputados);Valencia;X
Juan Ignacio Ponce Guardiola;Compromís(17 diputados);Valencia;X
Carmen Luisa Robles Galindo;Compromís(17 diputados);Valencia;X
Carlos Esteve Aparicio;Compromís(17 diputados);Valencia;X
Nathalie Torres García;Compromís(17 diputados);Valencia;X
Jesús Pla Herrero;Compromís(17 diputados);Valencia;X
Ana Vega Campos;Vox(10 diputados);Alicante;X
David García Gomis;Vox(10 diputados);Alicante;X
Miguel Pascual Pérez;Vox(10 diputados);Alicante;X
Ana María Cerdán Martínez;Vox(10 diputados);Alicante;X
María de los Llanos Massó Linares;Vox(10 diputados);Castellón;X
David Muñoz Pérez;Vox(10 diputados);Castellón;X
José María Llanos Pitarch;Vox(10 diputados);Valencia;X
Ángeles Criado Gonzálbez;Vox(10 diputados);Valencia;X
Vicente Manuel Roglá Benedito;Vox(10 diputados);Valencia;X
José Luis Aguirre Larrauri;Vox(10 diputados);Valencia;X
Rubén Martínez Dalmau;Unides Podem(8 diputados);Alicante;X
Beatriz Gascó Verdier;Unides Podem(8 diputados);Alicante;X
Estefanía de los Reyes Blanes León;Unides Podem(8 diputados);Alicante;X
Irene Rosario Gómez Santos;Unides Podem(8 diputados);Castellón;X
Cristina Cabedo Laborda;Unides Podem(8 diputados);Castellón;X
María Pilar Lima Gozálvez;Unides Podem(8 diputados);Valencia;X
Rosa María Pérez Garijo;Unides Podem(8 diputados);Valencia;X
Ferrán Martínez Ruiz;Unides Podem(8 diputados);Valencia;X
Carlos Arturo Mazón Guixot;PPCV(40 diputados);Alicante;XI
María Gómez García;PPCV(40 diputados);Alicante;XI
Juan Francisco Pérez Llorca;PPCV(40 diputados);Alicante;XI
Lucía Peral Mateos;PPCV(40 diputados);Alicante;XI
José Antonio Rovira Jover;PPCV(40 diputados);Alicante;XI
Julia Parra Aparicio;PPCV(40 diputados);Alicante;XI
Eduardo Jorge Dolón Sánchez;PPCV(40 diputados);Alicante;XI
María del Rosario Escrig Llinares;PPCV(40 diputados);Alicante;XI
José Ramón González de Zarate Unamuno;PPCV(40 diputados);Alicante;XI
José Juan Zaplana López;PPCV(40 diputados);Alicante;XI
Francisco Javier Sendra Mengual;PPCV(40 diputados);Alicante;XI
Eva Ortiz Vilella;PPCV(40 diputados);Alicante;XI
Fernando Pastor Llorens;PPCV(40 diputados);Alicante;XI
María Luisa Gayo Madera;PPCV(40 diputados);Alicante;XI
Noelia Císcar Martínez;PPCV(40 diputados);Alicante;XI
Alberto Fabra Part;PPCV(40 diputados);Castellón;XI
Marta Barrachina Mateu;PPCV(40 diputados);Castellón;XI
Miguel Barrachina Ros;PPCV(40 diputados);Castellón;XI
Salomé Pradas Ten;PPCV(40 diputados);Castellón;XI
Rubén Ibáñez Bordonau;PPCV(40 diputados);Castellón;XI
Susana Fabregat Carrasquer;PPCV(40 diputados);Castellón;XI
Salvador Aguilella Ramos;PPCV(40 diputados);Castellón;XI
Beatriz Gascó Enríquez;PPCV(40 diputados);Castellón;XI
Adoración Llop Montón;PPCV(40 diputados);Castellón;XI
Wenceslao Alós Valls;PPCV(40 diputados);Castellón;XI
María José Català Verdet;PPCV(40 diputados);Valencia;XI
Vicente José Mompó Aledo;PPCV(40 diputados);Valencia;XI
Pablo G. Broseta Dupre;PPCV(40 diputados);Valencia;XI
Elena María Bastidas Bono;PPCV(40 diputados);Valencia;XI
Víctor Soler Beneyto;PPCV(40 diputados);Valencia;XI
Francisca Bartual Bermell;PPCV(40 diputados);Valencia;XI
Ruth María Merino Peña;PPCV(40 diputados);Valencia;XI
Alfredo Cesáreo Castelló Sáez;PPCV(40 diputados);Valencia;XI
María Dolores Roch Cazorla;PPCV(40 diputados);Valencia;XI
Ernesto Fernández Pardo;PPCV(40 diputados);Valencia;XI
Magdalena María González la Red;PPCV(40 diputados);Valencia;XI
Laura Chulià Serra;PPCV(40 diputados);Valencia;XI
Vicente Betoret Coll;PPCV(40 diputados);Valencia;XI
Verónica Marcos Puig;PPCV(40 diputados);Valencia;XI
Felipe Javier Carrasco Torres;PPCV(40 diputados);Valencia;XI
Josefina Bueno Alonso;PSPV-PSOE(31 diputados);Alicante;XI
Laura Soler Azorín;PSPV-PSOE(31 diputados);Alicante;XI
Yaissel Sánchez Orta;PSPV-PSOE(31 diputados);Alicante;XI
David Bernardo López Lluch;PSPV-PSOE(31 diputados);Alicante;XI
Mario Villar García;PSPV-PSOE(31 diputados);Alicante;XI
Charo Navalón García;PSPV-PSOE(31 diputados);Alicante;XI
Mayte García Madrid;PSPV-PSOE(31 diputados);Alicante;XI
José Chulvi Español;PSPV-PSOE(31 diputados);Alicante;XI
Ramón Abad Soler;PSPV-PSOE(31 diputados);Alicante;XI
Marisa Navarro Forcada;PSPV-PSOE(31 diputados);Alicante;XI
Nuria Pina Huertas;PSPV-PSOE(31 diputados);Alicante;XI
Rafael Simó Sancho;PSPV-PSOE(31 diputados);Castellón;XI
María José Salvador Rubert;PSPV-PSOE(31 diputados);Castellón;XI
Silvia Gómez Rey;PSPV-PSOE(31 diputados);Castellón;XI
José Luis Lorenz Andrés;PSPV-PSOE(31 diputados);Castellón;XI
Ana María Besalduch Besalduch;PSPV-PSOE(31 diputados);Castellón;XI
Rocío Ibáñez Candelera;PSPV-PSOE(31 diputados);Castellón;XI
Ernest Blanch Marín;PSPV-PSOE(31 diputados);Castellón;XI
Carlos Laguna Asensi;PSPV-PSOE(31 diputados);Castellón;XI
Joaquim Francesc Puig Ferrer;PSPV-PSOE(31 diputados);Valencia;XI
Rebeca Torró Soler;PSPV-PSOE(31 diputados);Valencia;XI
Arcadi España García;PSPV-PSOE(31 diputados);Valencia;XI
Gabriela Bravo Sanestanislao;PSPV-PSOE(31 diputados);Valencia;XI
Miguel Mínguez Pérez;PSPV-PSOE(31 diputados);Valencia;XI
Cristina Martínez García;PSPV-PSOE(31 diputados);Valencia;XI
Toni Gaspar Ramos;PSPV-PSOE(31 diputados);Valencia;XI
Carmen Martínez Ramírez;PSPV-PSOE(31 diputados);Valencia;XI
José Muñoz Lladró;PSPV-PSOE(31 diputados);Valencia;XI
Mercedes Caballero Hueso;PSPV-PSOE(31 diputados);Valencia;XI
Rosa María Peris Cervera;PSPV-PSOE(31 diputados);Valencia;XI
Alicia Andújar Durá;PSPV-PSOE(31 diputados);Valencia;XI
Aitana Joana Mas Mas;Compromís(15 diputados);Alicante;XI
Gerard Fullana Martínez;Compromís(15 diputados);Alicante;XI
María José Calabuig Vanyó;Compromís(15 diputados);Alicante;XI
Juan Bordera Romá;Compromís(15 diputados);Alicante;XI
Vicent Marzà Ibáñez;Compromís(15 diputados);Castellón;XI
Verònica Ruiz Escrig;Compromís(15 diputados);Castellón;XI
Mònica Álvaro Cerezo;Compromís(15 diputados);Castellón;XI
Joan Baldoví Roda;Compromís(15 diputados);Valencia;XI
Maria Josep Amigó Laguarda;Compromís(15 diputados);Valencia;XI
Carles Esteve Aparicio;Compromís(15 diputados);Valencia;XI
Francesc Roig Oliver;Compromís(15 diputados);Valencia;XI
Paula Espinosa Giménez;Compromís(15 diputados);Valencia;XI
Nathalie Torres García;Compromís(15 diputados);Valencia;XI
Isaura Navarro Casillas;Compromís(15 diputados);Valencia;XI
Jesús Pla Herrero;Compromís(15 diputados);Valencia;XI
Ana Vega Campos;Vox(13 diputados);Alicante;XI
David García Gomis;Vox(13 diputados);Alicante;XI
Miguel Pascual Pérez;Vox(13 diputados);Alicante;XI
Julia María Llopis Noheda;Vox(13 diputados);Alicante;XI
María Teresa Ramírez Jurado;Vox(13 diputados);Alicante;XI
María de los Llanos Massó Linares;Vox(13 diputados);Castellón;XI
David Muñoz Pérez;Vox(13 diputados);Castellón;XI
Jesús Albiol Talaya;Vox(13 diputados);Castellón;XI
Carlos Flores Juberías;Vox(13 diputados);Valencia;XI
José María Llanos Pitarch;Vox(13 diputados);Valencia;XI
María de los Ángeles Criado Gonzálbez;Vox(13 diputados);Valencia;XI
José Luis Aguirre Larrauri;Vox(13 diputados);Valencia;XI
Miriam Turiel Mollá;Vox(13 diputados);Valencia;XI
